Workbook
Name _COM01: #REF!
Name _COM02: #REF!
Name _COM03: #REF!
Name _COM04: #REF!
Name _COM05: #REF!
Name _COM06: #REF!
Name _COM07: #REF!
Name _COM08: #REF!
Name _COM09: #REF!
Name _COM10: #REF!
Name _COM11: #REF!
Name _COM12: #REF!
Name \0: #REF!
Name AGREG: #REF!
Name BLANCO: #REF!
Name COM00: #REF!
Name COM04B: #REF!
Name COM08B: #REF!
Name COM12B: #REF!
Name COMOBS: #REF!
Name CORRE1: #REF!
Name CORRE12: #REF!
Name CORRE13: #REF!
Name CORRE14: #REF!
Name CORRE15: #REF!
Name CORRE2: #REF!
Name CORRE3: #REF!
Name CORRE4: #REF!
Name CORRE5: #REF!
Name CORRE6: #REF!
Name CORRE7: #REF!
Name CRIDES: #REF!
Name CRIHAS: #REF!
Name CRILIMP: #REF!
Name CRILIMP2: #REF!
Name FERIA: #REF!
Name FIN: #REF!
Name FORDESPLDIA: #REF!
Name FORMULA1: #REF!
Name FORMULA2: #REF!
Name FORMULA3: #REF!
Name IND: #REF!
Name INDDES: #REF!
Name INDHAS: #REF!
Name INI: #REF!
Name LIMP: #REF!
Name PON_FEC_TOT: #REF!
Name PON_RAN1_PRIV: #REF!
Name PON_RAN1_PUB: #REF!
Name PON_RAN1_TOT: #REF!
Name PON_REP: #REF!
Name PUB_DAT_PRI_EXT: #REF!
Name PUB_DAT_PRI_NAC: #REF!
Name PUB_DAT_PUB_EXT: #REF!
Name PUB_DAT_PUB_NAC: #REF!
Name PUB_DAT_TOT_EXT: #REF!
Name PUB_DAT_TOT_NAC: #REF!
Name PUB_FEC_EXT: #REF!
Name PUB_FEC_NAC: #REF!
Name PUB_REP: #REF!

Sheet 4 GRANOS
A2: Pesos VBP 2026 | C2: 0.62170936 | D2: 0.14775265 | E2: 0.17421534 | F2: =1-C2-D2-E2 -> 0.056322652
C3: SOJA | D3: TRIGO | E3: MAIZ | F3: GIRASOL
A4: 33970 | B4: E-93 | C4: =SOJA!K2 -> 221.58835 | D4: =TRIGO!K2 -> 130.91755 | E4: =MAIZ!K2 -> 122.60533 | F4: =GIRASOL!K2 -> 210.55907 | K4: =+C4*C$2+D4*D$2+E4*E$2+F4*F$2 -> 190.32594 | L4: =+AVERAGE(K4:K111) -> 178.61766 | M4: =+AVERAGE(K112:K279) -> 266.24122 | N4: E-93
A5: 34001 | B5: F | C5: =SOJA!K3 -> 204.14005 | D5: =TRIGO!K3 -> 132.08606 | E5: =MAIZ!K3 -> 97.000704 | F5: =GIRASOL!K3 -> 210.11488 | K5: =+C5*C$2+D5*D$2+E5*E$2+F5*F$2 -> 175.16508 | L5: =+L4 -> 178.61766 | M5: =+M4 -> 266.24122 | N5: F
A6: 34029 | B6: M | C6: =SOJA!K4 -> 201.73565 | D6: =TRIGO!K4 -> 126.04635 | E6: =MAIZ!K4 -> 86.080435 | F6: =GIRASOL!K4 -> 207.66905 | K6: =+C6*C$2+D6*D$2+E6*E$2+F6*F$2 -> 170.73763 | L6: =+L5 -> 178.61766 | M6: =+M5 -> 266.24122 | N6: M
A7: 34060 | B7: A | C7: =SOJA!K5 -> 203.45604 | D7: =TRIGO!K5 -> 128.73115 | E7: =MAIZ!K5 -> 92.240433 | F7: =GIRASOL!K5 -> 220.08466 | K7: =+C7*C$2+D7*D$2+E7*E$2+F7*F$2 -> 173.97634 | L7: =+L6 -> 178.61766 | M7: =+M6 -> 266.24122 | N7: A
A8: 34090 | B8: M | C8: =SOJA!K6 -> 205.74875 | D8: =TRIGO!K6 -> 133.13184 | E8: =MAIZ!K6 -> 96.095161 | F8: =GIRASOL!K6 -> 236.65936 | K8: =+C8*C$2+D8*D$2+E8*E$2+F8*F$2 -> 177.65704 | L8: =+L7 -> 178.61766 | M8: =+M7 -> 266.24122 | N8: M
A9: 34121 | B9: J | C9: =SOJA!K7 -> 209.05177 | D9: =TRIGO!K7 -> 136.14152 | E9: =MAIZ!K7 -> 96.392174 | F9: =GIRASOL!K7 -> 237.82036 | K9: =+C9*C$2+D9*D$2+E9*E$2+F9*F$2 -> 180.27238 | L9: =+L8 -> 178.61766 | M9: =+M8 -> 266.24122 | N9: J
A10: 34151 | B10: J | C10: =SOJA!K8 -> 241.74958 | D10: =TRIGO!K8 -> 135.65583 | E10: =MAIZ!K8 -> 105.95017 | F10: =GIRASOL!K8 -> 243.66064 | K10: =+C10*C$2+D10*D$2+E10*E$2+F10*F$2 -> 202.52324 | L10: =+L9 -> 178.61766 | M10: =+M9 -> 266.24122 | N10: J
A11: 34182 | B11: A | C11: =SOJA!K9 -> 238.18726 | D11: =TRIGO!K9 -> 134.81269 | E11: =MAIZ!K9 -> 121.92619 | F11: =GIRASOL!K9 -> 239.14384 | K11: =+C11*C$2+D11*D$2+E11*E$2+F11*F$2 -> 202.71281 | L11: =+L10 -> 178.61766 | M11: =+M10 -> 266.24122 | N11: A
A12: 34213 | B12: S | C12: =SOJA!K10 -> 227.89159 | D12: =TRIGO!K10 -> 136.77432 | E12: =MAIZ!K10 -> 122.0145 | F12: =GIRASOL!K10 -> 244.98346 | K12: =+C12*C$2+D12*D$2+E12*E$2+F12*F$2 -> 196.94602 | L12: =+L11 -> 178.61766 | M12: =+M11 -> 266.24122 | N12: S
A13: 34243 | B13: O | C13: =SOJA!K11 -> 217.78709 | D13: =TRIGO!K11 -> 131.89448 | E13: =MAIZ!K11 -> 127.0095 | F13: =GIRASOL!K11 -> 240.41433 | K13: =+C13*C$2+D13*D$2+E13*E$2+F13*F$2 -> 190.55581 | L13: =+L12 -> 178.61766 | M13: =+M12 -> 266.24122 | N13: O
A14: 34274 | B14: N | C14: =SOJA!K12 -> 227.80031 | D14: =TRIGO!K12 -> 124.8595 | E14: =MAIZ!K12 -> 130.71229 | F14: =GIRASOL!K12 -> 245.68546 | K14: =+C14*C$2+D14*D$2+E14*E$2+F14*F$2 -> 196.68365 | L14: =+L13 -> 178.61766 | M14: =+M13 -> 266.24122 | N14: N
A15: 34304 | B15: D-93 | C15: =SOJA!K13 -> 228.78911 | D15: =TRIGO!K13 -> 120.00708 | E15: =MAIZ!K13 -> 132.69076 | F15: =GIRASOL!K13 -> 289.98785 | K15: =+C15*C$2+D15*D$2+E15*E$2+F15*F$2 -> 199.42135 | L15: =+L14 -> 178.61766 | M15: =+M14 -> 266.24122 | N15: D-93
A16: 34335 | B16: E-94 | C16: =SOJA!K14 -> 231.37519 | D16: =TRIGO!K14 -> 116.95953 | E16: =MAIZ!K14 -> 123.78217 | F16: =GIRASOL!K14 -> 272.75938 | K16: =+C16*C$2+D16*D$2+E16*E$2+F16*F$2 -> 198.05649 | L16: =+L15 -> 178.61766 | M16: =+M15 -> 266.24122 | N16: E-94 | R16: 120.75238
A17: 34366 | B17: F | C17: =SOJA!K15 -> 223.95367 | D17: =TRIGO!K15 -> 113.11284 | E17: =MAIZ!K15 -> 112.13773 | F17: =GIRASOL!K15 -> 256.88803 | K17: =+C17*C$2+D17*D$2+E17*E$2+F17*F$2 -> 189.95154 | L17: =+L16 -> 178.61766 | M17: =+M16 -> 266.24122 | N17: F | R17: 110.305
A18: 34394 | B18: M | C18: =SOJA!K16 -> 224.92605 | D18: =TRIGO!K16 -> 114.10388 | E18: =MAIZ!K16 -> 105.32666 | F18: =GIRASOL!K16 -> 253.15945 | K18: =+C18*C$2+D18*D$2+E18*E$2+F18*F$2 -> 189.30591 | L18: =+L17 -> 178.61766 | M18: =+M17 -> 266.24122 | N18: M | R18: 103.74545
A19: 34425 | B19: A | C19: =SOJA!K17 -> 214.96963 | D19: =TRIGO!K17 -> 118.67907 | E19: =MAIZ!K17 -> 103.1146 | F19: =GIRASOL!K17 -> 236.56047 | K19: =+C19*C$2+D19*D$2+E19*E$2+F19*F$2 -> 182.47164 | L19: =+L18 -> 178.61766 | M19: =+M18 -> 266.24122 | N19: A | R19: 100.66
A20: 34455 | B20: M | C20: =SOJA!K18 -> 222.31136 | D20: =TRIGO!K18 -> 124.86683 | E20: =MAIZ!K18 -> 105.50763 | F20: =GIRASOL!K18 -> 247.53156 | K20: =+C20*C$2+D20*D$2+E20*E$2+F20*F$2 -> 188.98514 | L20: =+L19 -> 178.61766 | M20: =+M19 -> 266.24122 | N20: M | R20: 107.75238
A21: 34486 | B21: J | C21: =SOJA!K19 -> 224.94545 | D21: =TRIGO!K19 -> 126.18445 | E21: =MAIZ!K19 -> 105.9564 | F21: =GIRASOL!K19 -> 246.32456 | K21: =+C21*C$2+D21*D$2+E21*E$2+F21*F$2 -> 190.82766 | L21: =+L20 -> 178.61766 | M21: =+M20 -> 266.24122 | N21: J | R21: 108.615
A22: 34516 | B22: J | C22: =SOJA!K20 -> 207.30647 | D22: =TRIGO!K20 -> 125.0761 | E22: =MAIZ!K20 -> 98.342276 | F22: =GIRASOL!K20 -> 230.34053 | K22: =+C22*C$2+D22*D$2+E22*E$2+F22*F$2 -> 177.47082 | L22: =+L21 -> 178.61766 | M22: =+M21 -> 266.24122 | N22: J | R22: 103.53333
A23: 34547 | B23: A | C23: =SOJA!K21 -> 206.3408 | D23: =TRIGO!K21 -> 122.59281 | E23: =MAIZ!K21 -> 95.983515 | F23: =GIRASOL!K21 -> 224.6822 | K23: =+C23*C$2+D23*D$2+E23*E$2+F23*F$2 -> 175.77392 | L23: =+L22 -> 178.61766 | M23: =+M22 -> 266.24122 | N23: A | R23: 99.618182
A24: 34578 | B24: S | C24: =SOJA!K22 -> 211.07741 | D24: =TRIGO!K22 -> 132.5655 | E24: =MAIZ!K22 -> 104.1586 | F24: =GIRASOL!K22 -> 223.86998 | K24: =+C24*C$2+D24*D$2+E24*E$2+F24*F$2 -> 181.57068 | L24: =+L23 -> 178.61766 | M24: =+M23 -> 266.24122 | N24: S | R24: 107.98636
A25: 34608 | B25: O | C25: =SOJA!K23 -> 209.45829 | D25: =TRIGO!K23 -> 144.38891 | E25: =MAIZ!K23 -> 109.47133 | F25: =GIRASOL!K23 -> 218.56517 | K25: =+C25*C$2+D25*D$2+E25*E$2+F25*F$2 -> 182.93778 | L25: =+L24 -> 178.61766 | M25: =+M24 -> 266.24122 | N25: O | R25: 114.745
A26: 34639 | B26: N | C26: =SOJA!K24 -> 205.7919 | D26: =TRIGO!K24 -> 144.37232 | E26: =MAIZ!K24 -> 116.06402 | F26: =GIRASOL!K24 -> 227.6459 | K26: =+C26*C$2+D26*D$2+E26*E$2+F26*F$2 -> 182.31589 | L26: =+L25 -> 178.61766 | M26: =+M25 -> 266.24122 | N26: N | R26: 117.43182
A27: 34669 | B27: D-94 | C27: =SOJA!K25 -> 206.46353 | D27: =TRIGO!K25 -> 128.1826 | E27: =MAIZ!K25 -> 120.64245 | F27: =GIRASOL!K25 -> 224.65415 | K27: =+C27*C$2+D27*D$2+E27*E$2+F27*F$2 -> 180.97051 | L27: =+L26 -> 178.61766 | M27: =+M26 -> 266.24122 | N27: D-94 | R27: 124.44
... A39: 35034 | B39: D-95 | C39: =SOJA!K37 -> 243.05665 | D39: =TRIGO!K37 -> 200.01614 | E39: =MAIZ!K37 -> 134.2701 | F39: =GIRASOL!K37 -> 220.71689 | K39: =+C39*C$2+D39*D$2+E39*E$2+F39*F$2 -> 216.48678 | L39: =+L38 -> 178.61766 | M39: =+M38 -> 266.24122 | N39: D-95 | R39: 137.56111
A40: 35065 | B40: E-96 | C40: =SOJA!K38 -> 244.78282 | D40: =TRIGO!K38 -> 205.69597 | E40: =MAIZ!K38 -> 141.12773 | F40: =GIRASOL!K38 -> 218.07924 | K40: =+C40*C$2+D40*D$2+E40*E$2+F40*F$2 -> 219.44531 | L40: =+L39 -> 178.61766 | M40: =+M39 -> 266.24122 | N40: E-96 | O40: 131.21308 | P40: =+AVERAGE(O40:O111) -> 94.614975 | Q40: =+AVERAGE(O112:O280) -> 141.16194 | R40: 148.6
A41: 35096 | B41: F | C41: =SOJA!K39 -> 243.83803 | D41: =TRIGO!K39 -> 224.91466 | E41: =MAIZ!K39 -> 149.9431 | F41: =GIRASOL!K39 -> 211.68357 | K41: =+C41*C$2+D41*D$2+E41*E$2+F41*F$2 -> 222.87309 | L41: =+L40 -> 178.61766 | M41: =+M40 -> 266.24122 | N41: F | O41: 144.34737 | P41: =+P40 -> 94.614975 | Q41: =+Q40 -> 141.16194 | R41: 160.29524
A42: 35125 | B42: M | C42: =SOJA!K40 -> 240.80928 | D42: =TRIGO!K40 -> 229.0584 | E42: =MAIZ!K40 -> 153.63673 | F42: =GIRASOL!K40 -> 209.36031 | K42: =+C42*C$2+D42*D$2+E42*E$2+F42*F$2 -> 222.11497 | L42: =+L41 -> 178.61766 | M42: =+M41 -> 266.24122 | N42: M | O42: 145.9964 | P42: =+P41 -> 94.614975 | Q42: =+Q41 -> 141.16194 | R42: 156.39524
A43: 35156 | B43: A | C43: =SOJA!K41 -> 260.39826 | D43: =TRIGO!K41 -> 245.64996 | E43: =MAIZ!K41 -> 174.93255 | F43: =GIRASOL!K41 -> 221.78749 | K43: =+C43*C$2+D43*D$2+E43*E$2+F43*F$2 -> 241.15506 | L43: =+L42 -> 178.61766 | M43: =+M42 -> 266.24122 | N43: A | O43: 167.00999 | P43: =+P42 -> 94.614975 | Q43: =+Q42 -> 141.16194
A44: 35186 | B44: M | C44: =SOJA!K42 -> 264.43714 | D44: =TRIGO!K42 -> 264.70744 | E44: =MAIZ!K42 -> 183.61749 | F44: =GIRASOL!K42 -> 236.55431 | K44: =+C44*C$2+D44*D$2+E44*E$2+F44*F$2 -> 248.82662 | L44: =+L43 -> 178.61766 | M44: =+M43 -> 266.24122 | N44: M | O44: 175.33256 | P44: =+P43 -> 94.614975 | Q44: =+Q43 -> 141.16194
A45: 35217 | B45: J | C45: =SOJA!K43 -> 255.58931 | D45: =TRIGO!K43 -> 245.27471 | E45: =MAIZ!K43 -> 173.46425 | F45: =GIRASOL!K43 -> 239.38998 | K45: =+C45*C$2+D45*D$2+E45*E$2+F45*F$2 -> 238.84546 | L45: =+L44 -> 178.61766 | M45: =+M44 -> 266.24122 | N45: J | O45: 163.38971 | P45: =+P44 -> 94.614975 | Q45: =+Q44 -> 141.16194
A46: 35247 | B46: J | C46: =SOJA!K44 -> 255.29366 | D46: =TRIGO!K44 -> 216.28369 | E46: =MAIZ!K44 -> 168.94263 | F46: =GIRASOL!K44 -> 231.10795 | K46: =+C46*C$2+D46*D$2+E46*E$2+F46*F$2 -> 233.12396 | L46: =+L45 -> 178.61766 | M46: =+M45 -> 266.24122 | N46: J | O46: 158.93987 | P46: =+P45 -> 94.614975 | Q46: =+Q45 -> 141.16194
A47: 35278 | B47: A | C47: =SOJA!K45 -> 264.39264 | D47: =TRIGO!K45 -> 193.18054 | E47: =MAIZ!K45 -> 161.60295 | F47: =GIRASOL!K45 -> 233.92027 | K47: =+C47*C$2+D47*D$2+E47*E$2+F47*F$2 -> 234.24704 | L47: =+L46 -> 178.61766 | M47: =+M46 -> 266.24122 | N47: A | O47: 150.21339 | P47: =+P46 -> 94.614975 | Q47: =+Q46 -> 141.16194
A48: 35309 | B48: S | C48: =SOJA!K46 -> 276.18305 | D48: =TRIGO!K46 -> 165.79226 | E48: =MAIZ!K46 -> 144.48935 | F48: =GIRASOL!K46 -> 235.06842 | K48: =+C48*C$2+D48*D$2+E48*E$2+F48*F$2 -> 234.61377 | L48: =+L47 -> 178.61766 | M48: =+M47 -> 266.24122 | N48: S | O48: 134.62572 | P48: =+P47 -> 94.614975 | Q48: =+Q47 -> 141.16194
A49: 35339 | B49: O | C49: =SOJA!K47 -> 270.18977 | D49: =TRIGO!K47 -> 156.57302 | E49: =MAIZ!K47 -> 131.70554 | F49: =GIRASOL!K47 -> 216.86284 | K49: =+C49*C$2+D49*D$2+E49*E$2+F49*F$2 -> 226.273 | L49: =+L48 -> 178.61766 | M49: =+M48 -> 266.24122 | N49: O | O49: 116.29805 | P49: =+P48 -> 94.614975 | Q49: =+Q48 -> 141.16194
A50: 35370 | B50: N | C50: =SOJA!K48 -> 270.51142 | D50: =TRIGO!K48 -> 146.61616 | E50: =MAIZ!K48 -> 117.1085 | F50: =GIRASOL!K48 -> 210.00229 | K50: =+C50*C$2+D50*D$2+E50*E$2+F50*F$2 -> 222.07239 | L50: =+L49 -> 178.61766 | M50: =+M49 -> 266.24122 | N50: N | O50: 104.36323 | P50: =+P49 -> 94.614975 | Q50: =+Q49 -> 141.16194
A51: 35400 | B51: D-96 | C51: =SOJA!K49 -> 271.52671 | D51: =TRIGO!K49 -> 128.65494 | E51: =MAIZ!K49 -> 114.77131 | F51: =GIRASOL!K49 -> 209.89729 | K51: =+C51*C$2+D51*D$2+E51*E$2+F51*F$2 -> 219.6367 | L51: =+L50 -> 178.61766 | M51: =+M50 -> 266.24122 | N51: D-96 | O51: 98.988957 | P51: =+P50 -> 94.614975 | Q51: =+Q50 -> 141.16194
A52: 35431 | B52: E-97 | C52: =SOJA!K50 -> 268.16421 | D52: =TRIGO!K50 -> 132.50402 | E52: =MAIZ!K50 -> 105.81918 | F52: =GIRASOL!K50 -> 207.78287 | K52: =+C52*C$2+D52*D$2+E52*E$2+F52*F$2 -> 216.43623 | L52: =+L51 -> 178.61766 | M52: =+M51 -> 266.24122 | N52: E-97 | O52: 95.010251 | P52: =+P51 -> 94.614975 | Q52: =+Q51 -> 141.16194
A53: 35462 | B53: F | C53: =SOJA!K51 -> 267.19051 | D53: =TRIGO!K51 -> 136.60703 | E53: =MAIZ!K51 -> 104.51813 | F53: =GIRASOL!K51 -> 198.18104 | K53: =+C53*C$2+D53*D$2+E53*E$2+F53*F$2 -> 215.66964 | L53: =+L52 -> 178.61766 | M53: =+M52 -> 266.24122 | N53: F | O53: 96.169494 | P53: =+P52 -> 94.614975 | Q53: =+Q52 -> 141.16194
A54: 35490 | B54: M | C54: =SOJA!K52 -> 269.43028 | D54: =TRIGO!K52 -> 154.80527 | E54: =MAIZ!K52 -> 111.49665 | F54: =GIRASOL!K52 -> 211.6317 | K54: =+C54*C$2+D54*D$2+E54*E$2+F54*F$2 -> 221.7243 | L54: =+L53 -> 178.61766 | M54: =+M53 -> 266.24122 | N54: M | O54: 104.23479 | P54: =+P53 -> 94.614975 | Q54: =+Q53 -> 141.16194
... A202: 39995 | B202: J | C202: =SOJA!K200 -> 348.24207 | D202: =TRIGO!K200 -> 214.80004 | E202: =MAIZ!K200 -> 163.08892 | F202: =GIRASOL!K200 -> 295.84727 | K202: =+C202*C$2+D202*D$2+E202*E$2+F202*F$2 -> 293.31813 | L202: =+L201 -> 178.61766 | M202: =+M201 -> 266.24122 | N202: J | O202: 136.62443 | P202: =+P201 -> 94.614975 | Q202: =+Q201 -> 141.16194
A203: 40026 | B203: A | C203: =SOJA!K201 -> 360.86674 | D203: =TRIGO!K201 -> 209.21245 | E203: =MAIZ!K201 -> 162.2262 | F203: =GIRASOL!K201 -> 294.28228 | K203: =+C203*C$2+D203*D$2+E203*E$2+F203*F$2 -> 300.10297 | L203: =+L202 -> 178.61766 | M203: =+M202 -> 266.24122 | N203: A | P203: =+P202 -> 94.614975 | Q203: =+Q202 -> 141.16194
A204: 40057 | B204: S | C204: =SOJA!K202 -> 323.34157 | D204: =TRIGO!K202 -> 192.7216 | E204: =MAIZ!K202 -> 157.42353 | F204: =GIRASOL!K202 -> 285.90459 | K204: =+C204*C$2+D204*D$2+E204*E$2+F204*F$2 -> 273.02811 | L204: =+L203 -> 178.61766 | M204: =+M203 -> 266.24122 | N204: S | P204: =+P203 -> 94.614975 | Q204: =+Q203 -> 141.16194
A205: 40087 | B205: O | C205: =SOJA!K203 -> 330.22123 | D205: =TRIGO!K203 -> 188.09247 | E205: =MAIZ!K203 -> 166.61545 | F205: =GIRASOL!K203 -> 255.41282 | K205: =+C205*C$2+D205*D$2+E205*E$2+F205*F$2 -> 276.50529 | L205: =+L204 -> 178.61766 | M205: =+M204 -> 266.24122 | N205: O | O205: 151.05189 | P205: =+P204 -> 94.614975 | Q205: =+Q204 -> 141.16194
A206: 40118 | B206: N | C206: =SOJA!K204 -> 337.85355 | D206: =TRIGO!K204 -> 184.9877 | E206: =MAIZ!K204 -> 165.75958 | F206: =GIRASOL!K204 -> 263.27358 | K206: =+C206*C$2+D206*D$2+E206*E$2+F206*F$2 -> 281.08527 | L206: =+L205 -> 178.61766 | M206: =+M205 -> 266.24122 | N206: N | O206: 150.903 | P206: =+P205 -> 94.614975 | Q206: =+Q205 -> 141.16194
A207: 40148 | B207: D-09 | C207: =SOJA!K205 -> 338.24265 | D207: =TRIGO!K205 -> 192.35228 | E207: =MAIZ!K205 -> 163.5459 | F207: =GIRASOL!K205 -> 292.24537 | K207: =+C207*C$2+D207*D$2+E207*E$2+F207*F$2 -> 283.66142 | L207: =+L206 -> 178.61766 | M207: =+M206 -> 266.24122 | N207: D-09 | O207: 149.93659 | P207: =+P206 -> 94.614975 | Q207: =+Q206 -> 141.16194
A208: 40179 | B208: E-10 | C208: =SOJA!K206 -> 283.95438 | D208: =TRIGO!K206 -> 189.53742 | E208: =MAIZ!K206 -> 161.57883 | F208: =GIRASOL!K206 -> 285.4862 | K208: =+C208*C$2+D208*D$2+E208*E$2+F208*F$2 -> 248.7706 | L208: =+L207 -> 178.61766 | M208: =+M207 -> 266.24122 | N208: E-10 | O208: 150.09397 | P208: =+P207 -> 94.614975 | Q208: =+Q207 -> 141.16194
A209: 40210 | B209: F | C209: =SOJA!K207 -> 253.01158 | D209: =TRIGO!K207 -> 181.72412 | E209: =MAIZ!K207 -> 145.3793 | F209: =GIRASOL!K207 -> 288.33561 | K209: =+C209*C$2+D209*D$2+E209*E$2+F209*F$2 -> 225.71702 | L209: =+L208 -> 178.61766 | M209: =+M208 -> 266.24122 | N209: F | O209: 131.52631 | P209: =+P208 -> 94.614975 | Q209: =+Q208 -> 141.16194
A210: 40238 | B210: M | C210: =SOJA!K208 -> 251.26643 | D210: =TRIGO!K208 -> 169.51861 | E210: =MAIZ!K208 -> 140.17042 | F210: =GIRASOL!K208 -> 296.37284 | K210: =+C210*C$2+D210*D$2+E210*E$2+F210*F$2 -> 222.37386 | L210: =+L209 -> 178.61766 | M210: =+M209 -> 266.24122 | N210: M | P210: =+P209 -> 94.614975 | Q210: =+Q209 -> 141.16194
A211: 40269 | B211: A | C211: =SOJA!K209 -> 255.51243 | D211: =TRIGO!K209 -> 171.06157 | E211: =MAIZ!K209 -> 143.41526 | F211: =GIRASOL!K209 -> 300.35129 | K211: =+C211*C$2+D211*D$2+E211*E$2+F211*F$2 -> 226.03099 | L211: =+L210 -> 178.61766 | M211: =+M210 -> 266.24122 | N211: A | P211: =+P210 -> 94.614975 | Q211: =+Q210 -> 141.16194
A212: 40299 | B212: M | C212: =SOJA!K210 -> 250.36422 | D212: =TRIGO!K210 -> 175.35688 | E212: =MAIZ!K210 -> 146.77448 | F212: =GIRASOL!K210 -> 306.42392 | K212: =+C212*C$2+D212*D$2+E212*E$2+F212*F$2 -> 224.3922 | L212: =+L211 -> 178.61766 | M212: =+M211 -> 266.24122 | N212: M | P212: =+P211 -> 94.614975 | Q212: =+Q211 -> 141.16194
A213: 40330 | B213: J | C213: =SOJA!K211 -> 252.44763 | D213: =TRIGO!K211 -> 173.90955 | E213: =MAIZ!K211 -> 140.45558 | F213: =GIRASOL!K211 -> 299.55345 | K213: =+C213*C$2+D213*D$2+E213*E$2+F213*F$2 -> 223.98581 | L213: =+L212 -> 178.61766 | M213: =+M212 -> 266.24122 | N213: J | O213: 128.54738 | P213: =+P212 -> 94.614975 | Q213: =+Q212 -> 141.16194
A214: 40360 | B214: J | C214: =SOJA!K212 -> 270.99973 | D214: =TRIGO!K212 -> 172.71911 | E214: =MAIZ!K212 -> 147.49425 | F214: =GIRASOL!K212 -> 270.68546 | K214: =+C214*C$2+D214*D$2+E214*E$2+F214*F$2 -> 234.94426 | L214: =+L213 -> 178.61766 | M214: =+M213 -> 266.24122 | N214: J | O214: 133.23167 | P214: =+P213 -> 94.614975 | Q214: =+Q213 -> 141.16194
A215: 40391 | B215: A | C215: =SOJA!K213 -> 284.46105 | D215: =TRIGO!K213 -> 199.90717 | E215: =MAIZ!K213 -> 165.14429 | F215: =GIRASOL!K213 -> 298.29188 | K215: =+C215*C$2+D215*D$2+E215*E$2+F215*F$2 -> 251.96017 | L215: =+L214 -> 178.61766 | M215: =+M214 -> 266.24122 | N215: A | O215: 140.21482 | P215: =+P214 -> 94.614975 | Q215: =+Q214 -> 141.16194
A216: 40422 | B216: S | C216: =SOJA!K214 -> 289.20921 | D216: =TRIGO!K214 -> 214.0586 | E216: =MAIZ!K214 -> 187.342 | F216: =GIRASOL!K214 -> 319.8661 | K216: =+C216*C$2+D216*D$2+E216*E$2+F216*F$2 -> 262.08536 | L216: =+L215 -> 178.61766 | M216: =+M215 -> 266.24122 | N216: S | O216: 144.8277 | P216: =+P215 -> 94.614975 | Q216: =+Q215 -> 141.16194
A217: 40452 | B217: O | C217: =SOJA!K215 -> 302.83676 | D217: =TRIGO!K215 -> 213.33755 | E217: =MAIZ!K215 -> 198.73195 | F217: =GIRASOL!K215 -> 375.15644 | K217: =+C217*C$2+D217*D$2+E217*E$2+F217*F$2 -> 275.5496 | L217: =+L216 -> 178.61766 | M217: =+M216 -> 266.24122 | N217: O | O217: 147.02879 | P217: =+P216 -> 94.614975 | Q217: =+Q216 -> 141.16194
A218: 40483 | B218: N | C218: =SOJA!K216 -> 316.60793 | D218: =TRIGO!K216 -> 211.131 | E218: =MAIZ!K216 -> 196.01647 | F218: =GIRASOL!K216 -> 409.50912 | K218: =+C218*C$2+D218*D$2+E218*E$2+F218*F$2 -> 285.247 | L218: =+L217 -> 178.61766 | M218: =+M217 -> 266.24122 | N218: N | O218: 164.06385 | P218: =+P217 -> 94.614975 | Q218: =+Q217 -> 141.16194
A219: 40513 | B219: D-10 | C219: =SOJA!K217 -> 324.11455 | D219: =TRIGO!K217 -> 209.2529 | E219: =MAIZ!K217 -> 199.06631 | F219: =GIRASOL!K217 -> 408.47473 | K219: =+C219*C$2+D219*D$2+E219*E$2+F219*F$2 -> 290.10951 | L219: =+L218 -> 178.61766 | M219: =+M218 -> 266.24122 | N219: D-10 | O219: 162.71705 | P219: =+P218 -> 94.614975 | Q219: =+Q218 -> 141.16194
A220: 40544 | B220: E-11 | C220: =SOJA!K218 -> 338.28658 | D220: =TRIGO!K218 -> 219.7332 | E220: =MAIZ!K218 -> 209.70706 | F220: =GIRASOL!K218 -> 422.20767 | K220: =+C220*C$2+D220*D$2+E220*E$2+F220*F$2 -> 303.09614 | L220: =+L219 -> 178.61766 | M220: =+M219 -> 266.24122 | N220: E-11 | O220: 177.27841 | P220: =+P219 -> 94.614975 | Q220: =+Q219 -> 141.16194
A221: 40575 | B221: F | C221: =SOJA!K219 -> 334.50317 | D221: =TRIGO!K219 -> 238.82929 | E221: =MAIZ!K219 -> 222.14915 | F221: =GIRASOL!K219 -> 438.2328 | K221: =+C221*C$2+D221*D$2+E221*E$2+F221*F$2 -> 306.63564 | L221: =+L220 -> 178.61766 | M221: =+M220 -> 266.24122 | N221: F | O221: 180.72647 | P221: =+P220 -> 94.614975 | Q221: =+Q220 -> 141.16194
A222: 40603 | B222: M | C222: =SOJA!K220 -> 311.09132 | D222: =TRIGO!K220 -> 233.08759 | E222: =MAIZ!K220 -> 212.71201 | F222: =GIRASOL!K220 -> 412.99717 | K222: =+C222*C$2+D222*D$2+E222*E$2+F222*F$2 -> 288.16648 | L222: =+L221 -> 178.61766 | M222: =+M221 -> 266.24122 | N222: M | O222: 169.94468 | P222: =+P221 -> 94.614975 | Q222: =+Q221 -> 141.16194
A223: 40634 | B223: A | C223: =SOJA!K221 -> 301.29932 | D223: =TRIGO!K221 -> 231.30976 | E223: =MAIZ!K221 -> 229.84113 | F223: =GIRASOL!K221 -> 388.23324 | K223: =+C223*C$2+D223*D$2+E223*E$2+F223*F$2 -> 283.40541 | L223: =+L222 -> 178.61766 | M223: =+M222 -> 266.24122 | N223: A | O223: 171.04878 | P223: =+P222 -> 94.614975 | Q223: =+Q222 -> 141.16194
A224: 40664 | B224: M | C224: =SOJA!K222 -> 296.42017 | D224: =TRIGO!K222 -> 230.03625 | E224: =MAIZ!K222 -> 219.91436 | F224: =GIRASOL!K222 -> 391.18541 | K224: =+C224*C$2+D224*D$2+E224*E$2+F224*F$2 -> 278.62071 | L224: =+L223 -> 178.61766 | M224: =+M223 -> 266.24122 | N224: M | O224: 163.15793 | P224: =+P223 -> 94.614975 | Q224: =+Q223 -> 141.16194
A225: 40695 | B225: J | C225: =SOJA!K223 -> 297.3522 | D225: =TRIGO!K223 -> 222.16649 | E225: =MAIZ!K223 -> 220.30075 | F225: =GIRASOL!K223 -> 406.22885 | K225: =+C225*C$2+D225*D$2+E225*E$2+F225*F$2 -> 278.95199 | L225: =+L224 -> 178.61766 | M225: =+M224 -> 266.24122 | N225: J | P225: =+P224 -> 94.614975 | Q225: =+Q224 -> 141.16194
A226: 40725 | B226: J | C226: =SOJA!K224 -> 301.97377 | D226: =TRIGO!K224 -> 200.44107 | E226: =MAIZ!K224 -> 213.49173 | F226: =GIRASOL!K224 -> 399.71185 | K226: =+C226*C$2+D226*D$2+E226*E$2+F226*F$2 -> 277.06199 | L226: =+L225 -> 178.61766 | M226: =+M225 -> 266.24122 | N226: J | P226: =+P225 -> 94.614975 | Q226: =+Q225 -> 141.16194
A227: 40756 | B227: A | C227: =SOJA!K225 -> 300.9698 | D227: =TRIGO!K225 -> 186.61797 | E227: =MAIZ!K225 -> 217.1938 | F227: =GIRASOL!K225 -> 351.90315 | K227: =+C227*C$2+D227*D$2+E227*E$2+F227*F$2 -> 272.34765 | L227: =+L226 -> 178.61766 | M227: =+M226 -> 266.24122 | N227: A | P227: =+P226 -> 94.614975 | Q227: =+Q226 -> 141.16194
A228: 40787 | B228: S | C228: =SOJA!K226 -> 289.91581 | D228: =TRIGO!K226 -> 186.91207 | E228: =MAIZ!K226 -> 204.19551 | F228: =GIRASOL!K226 -> 312.77456 | K228: =+C228*C$2+D228*D$2+E228*E$2+F228*F$2 -> 261.05041 | L228: =+L227 -> 178.61766 | M228: =+M227 -> 266.24122 | N228: S | P228: =+P227 -> 94.614975 | Q228: =+Q227 -> 141.16194
A229: 40817 | B229: O | C229: =SOJA!K227 -> 267.02044 | D229: =TRIGO!K227 -> 161.83996 | E229: =MAIZ!K227 -> 190.84576 | F229: =GIRASOL!K227 -> 295.74204 | K229: =+C229*C$2+D229*D$2+E229*E$2+F229*F$2 -> 239.82662 | L229: =+L228 -> 178.61766 | M229: =+M228 -> 266.24122 | N229: O | P229: =+P228 -> 94.614975 | Q229: =+Q228 -> 141.16194
A230: 40848 | B230: N | C230: =SOJA!K228 -> 254.53876 | D230: =TRIGO!K228 -> 147.13144 | E230: =MAIZ!K228 -> 184.68381 | F230: =GIRASOL!K228 -> 293.61306 | K230: =+C230*C$2+D230*D$2+E230*E$2+F230*F$2 -> 228.70001 | L230: =+L229 -> 178.61766 | M230: =+M229 -> 266.24122 | N230: N | O230: 105.64494 | P230: =+P229 -> 94.614975 | Q230: =+Q229 -> 141.16194
A231: 40878 | B231: D-11 | C231: =SOJA!K229 -> 244.7716 | D231: =TRIGO!K229 -> 136.17373 | E231: =MAIZ!K229 -> 162.11158 | F231: =GIRASOL!K229 -> 286.49844 | K231: =+C231*C$2+D231*D$2+E231*E$2+F231*F$2 -> 216.6755 | L231: =+L230 -> 178.61766 | M231: =+M230 -> 266.24122 | N231: D-11 | O231: 125.23327 | P231: =+P230 -> 94.614975 | Q231: =+Q230 -> 141.16194
A232: 40909 | B232: E-12 | C232: =SOJA!K230 -> 251.95721 | D232: =TRIGO!K230 -> 149.44876 | E232: =MAIZ!K230 -> 170.72237 | F232: =GIRASOL!K230 -> 281.72526 | K232: =+C232*C$2+D232*D$2+E232*E$2+F232*F$2 -> 224.33558 | L232: =+L231 -> 178.61766 | M232: =+M231 -> 266.24122 | N232: E-12 | O232: 137.38039 | P232: =+P231 -> 94.614975 | Q232: =+Q231 -> 141.16194
A233: 40940 | B233: F | C233: =SOJA!K231 -> 257.77783 | D233: =TRIGO!K231 -> 154.93878 | E233: =MAIZ!K231 -> 176.11177 | F233: =GIRASOL!K231 -> 285.93428 | K233: =+C233*C$2+D233*D$2+E233*E$2+F233*F$2 -> 229.94146 | L233: =+L232 -> 178.61766 | M233: =+M232 -> 266.24122 | N233: F | P233: =+P232 -> 94.614975 | Q233: =+Q232 -> 141.16194
A234: 40969 | B234: M | C234: =SOJA!K232 -> 270.37262 | D234: =TRIGO!K232 -> 151.19867 | E234: =MAIZ!K232 -> 173.81386 | F234: =GIRASOL!K232 -> 283.94981 | K234: =+C234*C$2+D234*D$2+E234*E$2+F234*F$2 -> 236.70704 | L234: =+L233 -> 178.61766 | M234: =+M233 -> 266.24122 | N234: M | P234: =+P233 -> 94.614975 | Q234: =+Q233 -> 141.16194
A235: 41000 | B235: A | C235: =SOJA!K233 -> 284.49458 | D235: =TRIGO!K233 -> 145.48998 | E235: =MAIZ!K233 -> 161.65554 | F235: =GIRASOL!K233 -> 307.4011 | K235: =+C235*C$2+D235*D$2+E235*E$2+F235*F$2 -> 243.84599 | L235: =+L234 -> 178.61766 | M235: =+M234 -> 266.24122 | N235: A | P235: =+P234 -> 94.614975 | Q235: =+Q234 -> 141.16194
A236: 41030 | B236: M | C236: =SOJA!K234 -> 278.04422 | D236: =TRIGO!K234 -> 143.99413 | E236: =MAIZ!K234 -> 154.91432 | F236: =GIRASOL!K234 -> 327.03429 | K236: =+C236*C$2+D236*D$2+E236*E$2+F236*F$2 -> 239.5461 | L236: =+L235 -> 178.61766 | M236: =+M235 -> 266.24122 | N236: M | P236: =+P235 -> 94.614975 | Q236: =+Q235 -> 141.16194
A237: 41061 | B237: J | C237: =SOJA!K235 -> 276.97294 | D237: =TRIGO!K235 -> 150.55965 | E237: =MAIZ!K235 -> 151.50657 | F237: =GIRASOL!K235 -> 325.70756 | K237: =+C237*C$2+D237*D$2+E237*E$2+F237*F$2 -> 239.18174 | L237: =+L236 -> 178.61766 | M237: =+M236 -> 266.24122 | N237: J | P237: =+P236 -> 94.614975 | Q237: =+Q236 -> 141.16194
A238: 41091 | B238: J | C238: =SOJA!K236 -> 322.64484 | D238: =TRIGO!K236 -> 173.60617 | E238: =MAIZ!K236 -> 182.84255 | F238: =GIRASOL!K236 -> 314.03679 | K238: =+C238*C$2+D238*D$2+E238*E$2+F238*F$2 -> 275.78345 | L238: =+L237 -> 178.61766 | M238: =+M237 -> 266.24122 | N238: J | P238: =+P237 -> 94.614975 | Q238: =+Q237 -> 141.16194
A239: 41122 | B239: A | C239: =SOJA!K237 -> 328.05001 | D239: =TRIGO!K237 -> 188.97924 | E239: =MAIZ!K237 -> 184.43077 | F239: =GIRASOL!K237 -> 320.41732 | K239: =+C239*C$2+D239*D$2+E239*E$2+F239*F$2 -> 282.05137 | L239: =+L238 -> 178.61766 | M239: =+M238 -> 266.24122 | N239: A | P239: =+P238 -> 94.614975 | Q239: =+Q238 -> 141.16194
A240: 41153 | B240: S | C240: =SOJA!K238 -> 328.62469 | D240: =TRIGO!K238 -> 185.0735 | E240: =MAIZ!K238 -> 170.95142 | F240: =GIRASOL!K238 -> 327.99756 | K240: =+C240*C$2+D240*D$2+E240*E$2+F240*F$2 -> 279.9102 | L240: =+L239 -> 178.61766 | M240: =+M239 -> 266.24122 | N240: S | P240: =+P239 -> 94.614975 | Q240: =+Q239 -> 141.16194
A241: 41183 | B241: O | C241: =SOJA!K239 -> 299.41607 | D241: =TRIGO!K239 -> 183.02356 | E241: =MAIZ!K239 -> 170.0825 | F241: =GIRASOL!K239 -> 334.18747 | K241: =+C241*C$2+D241*D$2+E241*E$2+F241*F$2 -> 261.6453 | L241: =+L240 -> 178.61766 | M241: =+M240 -> 266.24122 | N241: O | P241: =+P240 -> 94.614975 | Q241: =+Q240 -> 141.16194
A242: 41214 | B242: N | C242: =SOJA!K240 -> 278.29944 | D242: =TRIGO!K240 -> 182.3103 | E242: =MAIZ!K240 -> 178.62727 | F242: =GIRASOL!K240 -> 321.92808 | K242: =+C242*C$2+D242*D$2+E242*E$2+F242*F$2 -> 249.20965 | L242: =+L241 -> 178.61766 | M242: =+M241 -> 266.24122 | N242: N | P242: =+P241 -> 94.614975 | Q242: =+Q241 -> 141.16194
A243: 41244 | B243: D-12 | C243: =SOJA!K241 -> 276.55856 | D243: =TRIGO!K241 -> 194.14479 | E243: =MAIZ!K241 -> 173.5509 | F243: =GIRASOL!K241 -> 319.44977 | K243: =+C243*C$2+D243*D$2+E243*E$2+F243*F$2 -> 248.85194 | L243: =+L242 -> 178.61766 | M243: =+M242 -> 266.24122 | N243: D-12 | P243: =+P242 -> 94.614975 | Q243: =+Q242 -> 141.16194
A244: 41275 | B244: E-13 | C244: =SOJA!K242 -> 258.64301 | D244: =TRIGO!K242 -> 195.33878 | E244: =MAIZ!K242 -> 172.42868 | F244: =GIRASOL!K242 -> 317.72697 | K244: =+C244*C$2+D244*D$2+E244*E$2+F244*F$2 -> 237.59755 | L244: =+L243 -> 178.61766 | M244: =+M243 -> 266.24122 | N244: E-13 | P244: =+P243 -> 94.614975 | Q244: =+Q243 -> 141.16194
A245: 41306 | B245: F | C245: =SOJA!K243 -> 264.23186 | D245: =TRIGO!K243 -> 192.60034 | E245: =MAIZ!K243 -> 169.51715 | F245: =GIRASOL!K243 -> 316.7927 | K245: =+C245*C$2+D245*D$2+E245*E$2+F245*F$2 -> 240.10772 | L245: =+L244 -> 178.61766 | M245: =+M244 -> 266.24122 | N245: F | O245: 135.86176 | P245: =+P244 -> 94.614975 | Q245: =+Q244 -> 141.16194
A246: 41334 | B246: M | C246: =SOJA!K244 -> 263.07295 | D246: =TRIGO!K244 -> 187.06075 | E246: =MAIZ!K244 -> 166.99707 | F246: =GIRASOL!K244 -> 316.57358 | K246: =+C246*C$2+D246*D$2+E246*E$2+F246*F$2 -> 238.11735 | L246: =+L245 -> 178.61766 | M246: =+M245 -> 266.24122 | N246: M | P246: =+P245 -> 94.614975 | Q246: =+Q245 -> 141.16194
A247: 41365 | B247: A | C247: =SOJA!K245 -> 253.22437 | D247: =TRIGO!K245 -> 174.76977 | E247: =MAIZ!K245 -> 145.04212 | F247: =GIRASOL!K245 -> 304.64839 | K247: =+C247*C$2+D247*D$2+E247*E$2+F247*F$2 -> 225.68182 | L247: =+L246 -> 178.61766 | M247: =+M246 -> 266.24122 | N247: A | P247: =+P246 -> 94.614975 | Q247: =+Q246 -> 141.16194
A248: 41395 | B248: M | C248: =SOJA!K246 -> 262.83903 | D248: =TRIGO!K246 -> 169.83445 | E248: =MAIZ!K246 -> 154.55833 | F248: =GIRASOL!K246 -> 293.30139 | K248: =+C248*C$2+D248*D$2+E248*E$2+F248*F$2 -> 231.94892 | L248: =+L247 -> 178.61766 | M248: =+M247 -> 266.24122 | N248: M | O248: 135.58385 | P248: =+P247 -> 94.614975 | Q248: =+Q247 -> 141.16194
A249: 41426 | B249: J | C249: =SOJA!K247 -> 265.90382 | D249: =TRIGO!K247 -> 166.92373 | E249: =MAIZ!K247 -> 157.35104 | F249: =GIRASOL!K247 -> 289.87293 | K249: =+C249*C$2+D249*D$2+E249*E$2+F249*F$2 -> 233.71769 | L249: =+L248 -> 178.61766 | M249: =+M248 -> 266.24122 | N249: J | O249: 143.51817 | P249: =+P248 -> 94.614975 | Q249: =+Q248 -> 141.16194
A250: 41456 | B250: J | C250: =SOJA!K248 -> 257.38072 | D250: =TRIGO!K248 -> 165.50671 | E250: =MAIZ!K248 -> 139.9985 | F250: =GIRASOL!K248 -> 258.16673 | K250: =+C250*C$2+D250*D$2+E250*E$2+F250*F$2 -> 223.40058 | L250: =+L249 -> 178.61766 | M250: =+M249 -> 266.24122 | N250: J | O250: 125.08646 | P250: =+P249 -> 94.614975 | Q250: =+Q249 -> 141.16194
A251: 41487 | B251: A | C251: =SOJA!K249 -> 251.96532 | D251: =TRIGO!K249 -> 166.0672 | E251: =MAIZ!K249 -> 132.1395 | F251: =GIRASOL!K249 -> 226.15496 | K251: =+C251*C$2+D251*D$2+E251*E$2+F251*F$2 -> 216.94444 | L251: =+L250 -> 178.61766 | M251: =+M250 -> 266.24122 | N251: A | O251: 113.42624 | P251: =+P250 -> 94.614975 | Q251: =+Q250 -> 141.16194
A252: 41518 | B252: S | C252: =SOJA!K250 -> 265.60304 | D252: =TRIGO!K250 -> 163.86866 | E252: =MAIZ!K250 -> 130.99878 | F252: =GIRASOL!K250 -> 199.71305 | K252: =+C252*C$2+D252*D$2+E252*E$2+F252*F$2 -> 223.41029 | L252: =+L251 -> 178.61766 | M252: =+M251 -> 266.24122 | N252: S | O252: 112.68388 | P252: =+P251 -> 94.614975 | Q252: =+Q251 -> 141.16194
A253: 41548 | B253: O | C253: =SOJA!K251 -> 258.61619 | D253: =TRIGO!K251 -> 161.84586 | E253: =MAIZ!K251 -> 124.68125 | F253: =GIRASOL!K251 -> 208.90104 | K253: =+C253*C$2+D253*D$2+E253*E$2+F253*F$2 -> 218.18451 | L253: =+L252 -> 178.61766 | M253: =+M252 -> 266.24122 | N253: O | O253: 109.66097 | P253: =+P252 -> 94.614975 | Q253: =+Q252 -> 141.16194
A254: 41579 | B254: N | C254: =SOJA!K252 -> 263.61924 | D254: =TRIGO!K252 -> 174.44694 | E254: =MAIZ!K252 -> 124.60496 | F254: =GIRASOL!K252 -> 219.50337 | K254: =+C254*C$2+D254*D$2+E254*E$2+F254*F$2 -> 223.74066 | L254: =+L253 -> 178.61766 | M254: =+M253 -> 266.24122 | N254: N | O254: 128.25918 | P254: =+P253 -> 94.614975 | Q254: =+Q253 -> 141.16194
A255: 41609 | B255: D-13 | C255: =SOJA!K253 -> 275.14582 | D255: =TRIGO!K253 -> 191.38441 | E255: =MAIZ!K253 -> 129.67922 | F255: =GIRASOL!K253 -> 224.63392 | K255: =+C255*C$2+D255*D$2+E255*E$2+F255*F$2 -> 234.58237 | L255: =+L254 -> 178.61766 | M255: =+M254 -> 266.24122 | N255: D-13 | P255: =+P254 -> 94.614975 | Q255: =+Q254 -> 141.16194
A256: 41640 | B256: E-14 | C256: =SOJA!K254 -> 279.25124 | D256: =TRIGO!K254 -> 195.92528 | E256: =MAIZ!K254 -> 139.85239 | F256: =GIRASOL!K254 -> 241.11343 | K256: =+C256*C$2+D256*D$2+E256*E$2+F256*F$2 -> 240.50617 | L256: =+L255 -> 178.61766 | M256: =+M255 -> 266.24122 | N256: E-14 | O256: 138.93002 | P256: =+P255 -> 94.614975 | Q256: =+Q255 -> 141.16194
A257: 41671 | B257: F | C257: =SOJA!K255 -> 308.8377 | D257: =TRIGO!K255 -> 207.52216 | E257: =MAIZ!K255 -> 152.32266 | F257: =GIRASOL!K255 -> 255.38502 | K257: =+C257*C$2+D257*D$2+E257*E$2+F257*F$2 -> 263.59014 | L257: =+L256 -> 178.61766 | M257: =+M256 -> 266.24122 | N257: F | O257: 138.0476 | P257: =+P256 -> 94.614975 | Q257: =+Q256 -> 141.16194
A258: 41699 | B258: M | C258: =SOJA!K256 -> 300.12664 | D258: =TRIGO!K256 -> 208.47387 | E258: =MAIZ!K256 -> 154.19665 | F258: =GIRASOL!K256 -> 263.29934 | K258: =+C258*C$2+D258*D$2+E258*E$2+F258*F$2 -> 259.08725 | L258: =+L257 -> 178.61766 | M258: =+M257 -> 266.24122 | N258: M | O258: 141.02518 | P258: =+P257 -> 94.614975 | Q258: =+Q257 -> 141.16194
A259: 41730 | B259: A | C259: =SOJA!K257 -> 289.1357 | D259: =TRIGO!K257 -> 216.76298 | E259: =MAIZ!K257 -> 154.25081 | F259: =GIRASOL!K257 -> 264.52661 | K259: =+C259*C$2+D259*D$2+E259*E$2+F259*F$2 -> 253.55737 | L259: =+L258 -> 178.61766 | M259: =+M258 -> 266.24122 | N259: A | O259: 149.39175 | P259: =+P258 -> 94.614975 | Q259: =+Q258 -> 141.16194
...

Sheet SOJA
C1: FOB USD/Ton | D1: com3500 $/USD | E1: IPC 1993=1 | F1: INDICE FOB*FX/IPC todo base 1993 (1) | G1: FX 1993=1 | H1: Precio FOB*FX/(IPC 1993=1) = FOB REAL | I1: DEX | J1: (1)*(1-DEX) | K1: FOB REAL*(1-DEX) = PRP
A2: 33970 | B2: E-93 | C2: 221 | D2: 0.99874 | E2: ='[1]IPC99ON (real)'!O152 -> 0.96122511 | F2: =+(C2*(D2/E2))/(AVERAGE(C$2:C$13)*AVERAGE(D$2:D$13)/AVERAGE(E$2:E$13))*100 -> 101.11126 | G2: =+E2/AVERAGE(E$2:E$13) -> 0.96122511 | H2: =+(C2*D2)/G2 -> 229.62523 | I2: =+I3 -> 0.035 | J2: =+F2*(1-I2) -> 97.572371 | K2: =+H2*(1-I2) -> 221.58835 | L2: =+AVERAGE(K2:K109) -> 206.90372 | M2: =+AVERAGE(K110:K277) -> 304.63353
A3: 34001 | B3: F | C3: 205 | D3: 0.999155 | E3: ='[1]IPC99ON (real)'!O153 -> 0.96824627 | F3: =+(C3*(D3/E3))/(AVERAGE(C$2:C$13)*AVERAGE(D$2:D$13)/AVERAGE(E$2:E$13))*100 -> 93.149564 | G3: =+E3/AVERAGE(E$2:E$13) -> 0.96824627 | H3: =+(C3*D3)/G3 -> 211.54409 | I3: =+I4 -> 0.035 | J3: =+F3*(1-I3) -> 89.889329 | K3: =+H3*(1-I3) -> 204.14005 | L3: =+L2 -> 206.90372 | M3: =+M2 -> 304.63353
A4: 34029 | B4: M | C4: 204 | D4: 0.999687 | E4: ='[1]IPC99ON (real)'!O154 -> 0.97552607 | F4: =+(C4*(D4/E4))/(AVERAGE(C$2:C$13)*AVERAGE(D$2:D$13)/AVERAGE(E$2:E$13))*100 -> 92.052432 | G4: =+E4/AVERAGE(E$2:E$13) -> 0.97552607 | H4: =+(C4*D4)/G4 -> 209.05248 | I4: =+I5 -> 0.035 | J4: =+F4*(1-I4) -> 88.830597 | K4: =+H4*(1-I4) -> 201.73565 | L4: =+L3 -> 206.90372 | M4: =+M3 -> 304.63353
A5: 34060 | B5: A | C5: 208 | D5: 0.99916 | E5: ='[1]IPC99ON (real)'!O155 -> 0.98572347 | F5: =+(C5*(D5/E5))/(AVERAGE(C$2:C$13)*AVERAGE(D$2:D$13)/AVERAGE(E$2:E$13))*100 -> 92.837451 | G5: =+E5/AVERAGE(E$2:E$13) -> 0.98572347 | H5: =+(C5*D5)/G5 -> 210.83528 | I5: =+I6 -> 0.035 | J5: =+F5*(1-I5) -> 89.588141 | K5: =+H5*(1-I5) -> 203.45604 | L5: =+L4 -> 206.90372 | M5: =+M4 -> 304.63353
A6: 34090 | B6: M | C6: 213 | D6: 0.999395 | E6: ='[1]IPC99ON (real)'!O156 -> 0.99840532 | F6: =+(C6*(D6/E6))/(AVERAGE(C$2:C$13)*AVERAGE(D$2:D$13)/AVERAGE(E$2:E$13))*100 -> 93.883619 | G6: =+E6/AVERAGE(E$2:E$13) -> 0.99840532 | H6: =+(C6*D6)/G6 -> 213.21114 | I6: =+I7 -> 0.035 | J6: =+F6*(1-I6) -> 90.597692 | K6: =+H6*(1-I6) -> 205.74875 | L6: =+L5 -> 206.90372 | M6: =+M5 -> 304.63353
A7: 34121 | B7: J | C7: 218 | D7: 0.9992857 | E7: ='[1]IPC99ON (real)'!O157 -> 1.005587 | F7: =+(C7*(D7/E7))/(AVERAGE(C$2:C$13)*AVERAGE(D$2:D$13)/AVERAGE(E$2:E$13))*100 -> 95.390795 | G7: =+E7/AVERAGE(E$2:E$13) -> 1.005587 | H7: =+(C7*D7)/G7 -> 216.63396 | I7: =+I8 -> 0.035 | J7: =+F7*(1-I7) -> 92.052117 | K7: =+H7*(1-I7) -> 209.05177 | L7: =+L6 -> 206.90372 | M7: =+M6 -> 304.63353
A8: 34151 | B8: J | C8: 253 | D8: 0.9989238 | E8: ='[1]IPC99ON (real)'!O158 -> 1.0088218 | F8: =+(C8*(D8/E8))/(AVERAGE(C$2:C$13)*AVERAGE(D$2:D$13)/AVERAGE(E$2:E$13))*100 -> 110.31088 | G8: =+E8/AVERAGE(E$2:E$13) -> 1.0088218 | H8: =+(C8*D8)/G8 -> 250.5177 | I8: =+I9 -> 0.035 | J8: =+F8*(1-I8) -> 106.45 | K8: =+H8*(1-I8) -> 241.74958 | L8: =+L7 -> 206.90372 | M8: =+M7 -> 304.63353
A9: 34182 | B9: A | C9: 249 | D9: 1.000175 | E9: ='[1]IPC99ON (real)'!O159 -> 1.0089836 | F9: =+(C9*(D9/E9))/(AVERAGE(C$2:C$13)*AVERAGE(D$2:D$13)/AVERAGE(E$2:E$13))*100 -> 108.68539 | G9: =+E9/AVERAGE(E$2:E$13) -> 1.0089836 | H9: =+(C9*D9)/G9 -> 246.82618 | I9: =+I10 -> 0.035 | J9: =+F9*(1-I9) -> 104.8814 | K9: =+H9*(1-I9) -> 238.18726 | L9: =+L8 -> 206.90372 | M9: =+M8 -> 304.63353
A10: 34213 | B10: S | C10: 240 | D10: 1.0010095 | E10: ='[1]IPC99ON (real)'!O160 -> 1.0172986 | F10: =+(C10*(D10/E10))/(AVERAGE(C$2:C$13)*AVERAGE(D$2:D$13)/AVERAGE(E$2:E$13))*100 -> 103.98745 | G10: =+E10/AVERAGE(E$2:E$13) -> 1.0172986 | H10: =+(C10*D10)/G10 -> 236.15709 | I10: =+I11 -> 0.035 | J10: =+F10*(1-I10) -> 100.34789 | K10: =+H10*(1-I10) -> 227.89159 | L10: =+L9 -> 206.90372 | M10: =+M9 -> 304.63353
A11: 34243 | B11: O | C11: 231 | D11: 0.999515 | E11: ='[1]IPC99ON (real)'!O161 -> 1.0230491 | F11: =+(C11*(D11/E11))/(AVERAGE(C$2:C$13)*AVERAGE(D$2:D$13)/AVERAGE(E$2:E$13))*100 -> 99.376744 | G11: =+E11/AVERAGE(E$2:E$13) -> 1.0230491 | H11: =+(C11*D11)/G11 -> 225.68611 | I11: =+I12 -> 0.035 | J11: =+F11*(1-I11) -> 95.898558 | K11: =+H11*(1-I11) -> 217.78709 | L11: =+L10 -> 206.90372 | M11: =+M10 -> 304.63353
A12: 34274 | B12: N | C12: 242 | D12: 0.998519 | E12: ='[1]IPC99ON (real)'!O162 -> 1.023634 | F12: =+(C12*(D12/E12))/(AVERAGE(C$2:C$13)*AVERAGE(D$2:D$13)/AVERAGE(E$2:E$13))*100 -> 103.9458 | G12: =+E12/AVERAGE(E$2:E$13) -> 1.023634 | H12: =+(C12*D12)/G12 -> 236.0625 | I12: =+I13 -> 0.035 | J12: =+F12*(1-I12) -> 100.30769 | K12: =+H12*(1-I12) -> 227.80031 | L12: =+L11 -> 206.90372 | M12: =+M11 -> 304.63353
A13: 34304 | B13: D-93 | C13: 243 | D13: 0.9985952 | E13: ='[1]IPC99ON (real)'!O163 -> 1.0234997 | F13: =+(C13*(D13/E13))/(AVERAGE(C$2:C$13)*AVERAGE(D$2:D$13)/AVERAGE(E$2:E$13))*100 -> 104.39699 | G13: =+E13/AVERAGE(E$2:E$13) -> 1.0234997 | H13: =+(C13*D13)/G13 -> 237.08716 | I13: =+I14 -> 0.035 | J13: =+F13*(1-I13) -> 100.74309 | K13: =+H13*(1-I13) -> 228.78911 | L13: =+L12 -> 206.90372 | M13: =+M12 -> 304.63353
A14: 34335 | B14: E-94 | C14: 246 | D14: 0.9985714 | E14: ='[1]IPC99ON (real)'!O164 -> 1.0245302 | F14: =+(C14*(D14/E14))/(AVERAGE(C$2:C$13)*AVERAGE(D$2:D$13)/AVERAGE(E$2:E$13))*100 -> 105.57702 | G14: =+E14/AVERAGE(E$2:E$13) -> 1.0245302 | H14: =+(C14*D14)/G14 -> 239.76704 | I14: =+I15 -> 0.035 | J14: =+F14*(1-I14) -> 101.88183 | K14: =+H14*(1-I14) -> 231.37519 | L14: =+L13 -> 206.90372 | M14: =+M13 -> 304.63353
... A97: 36861 | B97: D-00 | C97: 205 | D97: 1.0004278 | E97: ='[1]IPC99ON (real)'!O247 -> 1.0637525 | F97: =+(C97*(D97/E97))/(AVERAGE(C$2:C$13)*AVERAGE(D$2:D$13)/AVERAGE(E$2:E$13))*100 -> 84.894377 | G97: =+E97/AVERAGE(E$2:E$13) -> 1.0637525 | H97: =+(C97*D97)/G97 -> 192.79643 | I97: =+I98 -> 0.035 | J97: =+F97*(1-I97) -> 81.923074 | K97: =+H97*(1-I97) -> 186.04856 | L97: =+L96 -> 206.90372 | M97: =+M96 -> 304.63353
A98: 36892 | B98: E-01 | C98: 206 | D98: 0.99966818 | E98: ='[1]IPC99ON (real)'!O248 -> 1.064611 | F98: =+(C98*(D98/E98))/(AVERAGE(C$2:C$13)*AVERAGE(D$2:D$13)/AVERAGE(E$2:E$13))*100 -> 85.174985 | G98: =+E98/AVERAGE(E$2:E$13) -> 1.064611 | H98: =+(C98*D98)/G98 -> 193.4337 | I98: 0.035 | J98: =+F98*(1-I98) -> 82.193861 | K98: =+H98*(1-I98) -> 186.66352 | L98: =+L97 -> 206.90372 | M98: =+M97 -> 304.63353
A99: 36923 | B99: F | C99: 187 | D99: 0.99899 | E99: ='[1]IPC99ON (real)'!O249 -> 1.0622502 | F99: =+(C99*(D99/E99))/(AVERAGE(C$2:C$13)*AVERAGE(D$2:D$13)/AVERAGE(E$2:E$13))*100 -> 77.438307 | G99: =+E99/AVERAGE(E$2:E$13) -> 1.0622502 | H99: =+(C99*D99)/G99 -> 175.86358 | I99: 0.035 | J99: =+F99*(1-I99) -> 74.727967 | K99: =+H99*(1-I99) -> 169.70836 | L99: =+L98 -> 206.90372 | M99: =+M98 -> 304.63353
A100: 36951 | B100: M | C100: 178 | D100: 1.0035 | E100: ='[1]IPC99ON (real)'!O250 -> 1.0642891 | F100: =+(C100*(D100/E100))/(AVERAGE(C$2:C$13)*AVERAGE(D$2:D$13)/AVERAGE(E$2:E$13))*100 -> 73.902257 | G100: =+E100/AVERAGE(E$2:E$13) -> 1.0642891 | H100: =+(C100*D100)/G100 -> 167.83316 | I100: 0.035 | J100: =+F100*(1-I100) -> 71.315678 | K100: =+H100*(1-I100) -> 161.959 | L100: =+L99 -> 206.90372 | M100: =+M99 -> 304.63353
A101: 36982 | B101: A | C101: 153 | D101: 1.0000222 | E101: ='[1]IPC99ON (real)'!O251 -> 1.0713715 | F101: =+(C101*(D101/E101))/(AVERAGE(C$2:C$13)*AVERAGE(D$2:D$13)/AVERAGE(E$2:E$13))*100 -> 62.884113 | G101: =+E101/AVERAGE(E$2:E$13) -> 1.0713715 | H101: =+(C101*D101)/G101 -> 142.81078 | I101: 0.035 | J101: =+F101*(1-I101) -> 60.683169 | K101: =+H101*(1-I101) -> 137.81241 | L101: =+L100 -> 206.90372 | M101: =+M100 -> 304.63353
A102: 37012 | B102: M | C102: 157 | D102: 0.99949524 | E102: ='[1]IPC99ON (real)'!O252 -> 1.0720153 | F102: =+(C102*(D102/E102))/(AVERAGE(C$2:C$13)*AVERAGE(D$2:D$13)/AVERAGE(E$2:E$13))*100 -> 64.455402 | G102: =+E102/AVERAGE(E$2:E$13) -> 1.0720153 | H102: =+(C102*D102)/G102 -> 146.37921 | I102: 0.035 | J102: =+F102*(1-I102) -> 62.199463 | K102: =+H102*(1-I102) -> 141.25593 | L102: =+L101 -> 206.90372 | M102: =+M101 -> 304.63353
A103: 37043 | B103: J | C103: 166 | D103: 0.99989 | E103: ='[1]IPC99ON (real)'!O253 -> 1.0642891 | F103: =+(C103*(D103/E103))/(AVERAGE(C$2:C$13)*AVERAGE(D$2:D$13)/AVERAGE(E$2:E$13))*100 -> 68.672149 | G103: =+E103/AVERAGE(E$2:E$13) -> 1.0642891 | H103: =+(C103*D103)/G103 -> 155.9555 | I103: 0.035 | J103: =+F103*(1-I103) -> 66.268624 | K103: =+H103*(1-I103) -> 150.49706 | L103: =+L102 -> 206.90372 | M103: =+M102 -> 304.63353
A104: 37073 | B104: J | C104: 188 | D104: 1.0063952 | E104: ='[1]IPC99ON (real)'!O254 -> 1.0608552 | F104: =+(C104*(D104/E104))/(AVERAGE(C$2:C$13)*AVERAGE(D$2:D$13)/AVERAGE(E$2:E$13))*100 -> 78.532649 | G104: =+E104/AVERAGE(E$2:E$13) -> 1.0608552 | H104: =+(C104*D104)/G104 -> 178.34885 | I104: 0.035 | J104: =+F104*(1-I104) -> 75.784006 | K104: =+H104*(1-I104) -> 172.10664 | L104: =+L103 -> 206.90372 | M104: =+M103 -> 304.63353
A105: 37104 | B105: A | C105: 189 | D105: 1.0005391 | E105: ='[1]IPC99ON (real)'!O255 -> 1.0570994 | F105: =+(C105*(D105/E105))/(AVERAGE(C$2:C$13)*AVERAGE(D$2:D$13)/AVERAGE(E$2:E$13))*100 -> 78.769845 | G105: =+E105/AVERAGE(E$2:E$13) -> 1.0570994 | H105: =+(C105*D105)/G105 -> 178.88753 | I105: 0.035 | J105: =+F105*(1-I105) -> 76.0129 | K105: =+H105*(1-I105) -> 172.62646 | L105: =+L104 -> 206.90372 | M105: =+M104 -> 304.63353
A106: 37135 | B106: S | C106: 180 | D106: 0.999805 | E106: ='[1]IPC99ON (real)'!O256 -> 1.0562409 | F106: =+(C106*(D106/E106))/(AVERAGE(C$2:C$13)*AVERAGE(D$2:D$13)/AVERAGE(E$2:E$13))*100 -> 75.024784 | G106: =+E106/AVERAGE(E$2:E$13) -> 1.0562409 | H106: =+(C106*D106)/G106 -> 170.38243 | I106: 0.035 | J106: =+F106*(1-I106) -> 72.398916 | K106: =+H106*(1-I106) -> 164.41905 | L106: =+L105 -> 206.90372 | M106: =+M105 -> 304.63353
A107: 37165 | B107: O | C107: 172 | D107: 1.002413 | E107: ='[1]IPC99ON (real)'!O257 -> 1.0516266 | F107: =+(C107*(D107/E107))/(AVERAGE(C$2:C$13)*AVERAGE(D$2:D$13)/AVERAGE(E$2:E$13))*100 -> 72.192737 | G107: =+E107/AVERAGE(E$2:E$13) -> 1.0516266 | H107: =+(C107*D107)/G107 -> 163.95081 | I107: 0.035 | J107: =+F107*(1-I107) -> 69.665991 | K107: =+H107*(1-I107) -> 158.21253 | L107: =+L106 -> 206.90372 | M107: =+M106 -> 304.63353
A108: 37196 | B108: N | C108: 178 | D108: 1.0039409 | E108: ='[1]IPC99ON (real)'!O258 -> 1.0481928 | F108: =+(C108*(D108/E108))/(AVERAGE(C$2:C$13)*AVERAGE(D$2:D$13)/AVERAGE(E$2:E$13))*100 -> 75.070089 | G108: =+E108/AVERAGE(E$2:E$13) -> 1.0481928 | H108: =+(C108*D108)/G108 -> 170.48532 | I108: 0.035 | J108: =+F108*(1-I108) -> 72.442636 | K108: =+H108*(1-I108) -> 164.51834 | L108: =+L107 -> 206.90372 | M108: =+M107 -> 304.63353
A109: 37226 | B109: D-01 | C109: 179 | D109: 1.0546 | E109: ='[1]IPC99ON (real)'!O259 -> 1.0473343 | F109: =+(C109*(D109/E109))/(AVERAGE(C$2:C$13)*AVERAGE(D$2:D$13)/AVERAGE(E$2:E$13))*100 -> 79.36617 | G109: =+E109/AVERAGE(E$2:E$13) -> 1.0473343 | H109: =+(C109*D109)/G109 -> 180.24179 | I109: 0.035 | J109: =+F109*(1-I109) -> 76.588354 | K109: =+H109*(1-I109) -> 173.93333 | L109: =+L108 -> 206.90372 | M109: =+M108 -> 304.63353
... A282: 42491 | B282: M | C282: 400.57 | D282: 14.137724 | E282: ='[1]IPC99ON (real)'!O432 -> 17.902634 | F282: =+(C282*(D282/E282))/(AVERAGE(C$2:C$13)*AVERAGE(D$2:D$13)/AVERAGE(E$2:E$13))*100 -> 139.29031 | G282: =+E282/AVERAGE(E$2:E$13) -> 17.902634 | H282: =+(C282*D282)/G282 -> 316.33044 | I282: 0.3 | J282: =+F282*(1-I282) -> 97.50322 | K282: =+H282*(1-I282) -> 221.43131 | L282: =+L281 -> 206.90372 | M282: =+M281 -> 304.63353
A283: 42522 | B283: J | C283: 441.53 | D283: 14.1408 | E283: ='[1]IPC99ON (real)'!O433 -> 18.453286 | F283: =+(C283*(D283/E283))/(AVERAGE(C$2:C$13)*AVERAGE(D$2:D$13)/AVERAGE(E$2:E$13))*100 -> 148.98427 | G283: =+E283/AVERAGE(E$2:E$13) -> 18.453286 | H283: =+(C283*D283)/G283 -> 338.34555 | I283: =+I282 -> 0.3 | J283: =+F283*(1-I283) -> 104.28899 | K283: =+H283*(1-I283) -> 236.84189 | L283: =+L282 -> 206.90372 | M283: =+M282 -> 304.63353
A284: 42552 | B284: J | C284: 427.1 | D284: 14.909385 | E284: ='[1]IPC99ON (real)'!O434 -> 18.830984 | F284: =+(C284*(D284/E284))/(AVERAGE(C$2:C$13)*AVERAGE(D$2:D$13)/AVERAGE(E$2:E$13))*100 -> 148.90052 | G284: =+E284/AVERAGE(E$2:E$13) -> 18.830984 | H284: =+(C284*D284)/G284 -> 338.15537 | I284: =+I283 -> 0.3 | J284: =+F284*(1-I284) -> 104.23037 | K284: =+H284*(1-I284) -> 236.70876 | L284: =+L283 -> 206.90372 | M284: =+M283 -> 304.63353
A285: 42583 | B285: A | C285: 408.13636 | D285: 14.849809 | E285: ='[1]IPC99ON (real)'!O435 -> 18.869025 | F285: =+(C285*(D285/E285))/(AVERAGE(C$2:C$13)*AVERAGE(D$2:D$13)/AVERAGE(E$2:E$13))*100 -> 141.43492 | G285: =+E285/AVERAGE(E$2:E$13) -> 18.869025 | H285: =+(C285*D285)/G285 -> 321.20086 | I285: =+I284 -> 0.3 | J285: =+F285*(1-I285) -> 99.004441 | K285: =+H285*(1-I285) -> 224.8406 | L285: =+L284 -> 206.90372 | M285: =+M284 -> 304.63353
A286: 42614 | B286: S | C286: 396 | D286: 15.100736 | E286: ='[1]IPC99ON (real)'!O436 -> 19.085846 | F286: =+(C286*(D286/E286))/(AVERAGE(C$2:C$13)*AVERAGE(D$2:D$13)/AVERAGE(E$2:E$13))*100 -> 137.96274 | G286: =+E286/AVERAGE(E$2:E$13) -> 19.085846 | H286: =+(C286*D286)/G286 -> 313.31551 | I286: =+I285 -> 0.3 | J286: =+F286*(1-I286) -> 96.573921 | K286: =+H286*(1-I286) -> 219.32086 | L286: =+L285 -> 206.90372 | M286: =+M285 -> 304.63353
A287: 42644 | B287: O | C287: 386 | D287: 15.181 | E287: ='[1]IPC99ON (real)'!O437 -> 19.536155 | F287: =+(C287*(D287/E287))/(AVERAGE(C$2:C$13)*AVERAGE(D$2:D$13)/AVERAGE(E$2:E$13))*100 -> 132.0774 | G287: =+E287/AVERAGE(E$2:E$13) -> 19.536155 | H287: =+(C287*D287)/G287 -> 299.94981 | I287: =+I286 -> 0.3 | J287: =+F287*(1-I287) -> 92.454183 | K287: =+H287*(1-I287) -> 209.96487 | L287: =+L286 -> 206.90372 | M287: =+M286 -> 304.63353
A288: 42675 | B288: N | C288: 384 | D288: 15.3399 | E288: ='[1]IPC99ON (real)'!O438 -> 19.85234 | F288: =+(C288*(D288/E288))/(AVERAGE(C$2:C$13)*AVERAGE(D$2:D$13)/AVERAGE(E$2:E$13))*100 -> 130.65378 | G288: =+E288/AVERAGE(E$2:E$13) -> 19.85234 | H288: =+(C288*D288)/G288 -> 296.71673 | I288: =+I287 -> 0.3 | J288: =+F288*(1-I288) -> 91.457644 | K288: =+H288*(1-I288) -> 207.70171 | L288: =+L287 -> 206.90372 | M288: =+M287 -> 304.63353
A289: 42705 | B289: D-16 | C289: 386 | D289: 15.8296 | E289: ='[1]IPC99ON (real)'!O439 -> 20.090072 | F289: =+(C289*(D289/E289))/(AVERAGE(C$2:C$13)*AVERAGE(D$2:D$13)/AVERAGE(E$2:E$13))*100 -> 133.92316 | G289: =+E289/AVERAGE(E$2:E$13) -> 20.090072 | H289: =+(C289*D289)/G289 -> 304.14154 | I289: 0.3 | J289: =+F289*(1-I289) -> 93.74621 | K289: =+H289*(1-I289) -> 212.89908 | L289: =+L288 -> 206.90372 | M289: =+M288 -> 304.63353
A290: 42736 | B290: E-17 | C290: 391 | D290: =[2]Cuadro!C466 -> 14.4095 | E290: ='[1]IPC99ON (real)'!O440 -> 20.411513 | F290: =+(C290*(D290/E290))/(AVERAGE(C$2:C$13)*AVERAGE(D$2:D$13)/AVERAGE(E$2:E$13))*100 -> 121.54312 | G290: =+E290/AVERAGE(E$2:E$13) -> 20.411513 | H290: =+(C290*D290)/G290 -> 276.0263 | I290: =+I289 -> 0.3 | J290: =+F290*(1-I290) -> 85.080187 | K290: =+H290*(1-I290) -> 193.21841 | L290: =+L289 -> 206.90372 | M290: =+M289 -> 304.63353
A291: 42767 | B291: F | C291: 387 | D291: =[2]Cuadro!C467 -> 14.137724 | E291: ='[1]IPC99ON (real)'!O441 -> 20.840155 | F291: =+(C291*(D291/E291))/(AVERAGE(C$2:C$13)*AVERAGE(D$2:D$13)/AVERAGE(E$2:E$13))*100 -> 115.60309 | G291: =+E291/AVERAGE(E$2:E$13) -> 20.840155 | H291: =+(C291*D291)/G291 -> 262.53639 | I291: =+I290 -> 0.3 | J291: =+F291*(1-I291) -> 80.922163 | K291: =+H291*(1-I291) -> 183.77547 | L291: =+L290 -> 206.90372 | M291: =+M290 -> 304.63353
A292: 42795 | B292: M | C292: 375.54545 | D292: =[2]Cuadro!C468 -> 14.1408 | E292: ='[1]IPC99ON (real)'!O442 -> 21.340319 | F292: =+(C292*(D292/E292))/(AVERAGE(C$2:C$13)*AVERAGE(D$2:D$13)/AVERAGE(E$2:E$13))*100 -> 109.57602 | G292: =+E292/AVERAGE(E$2:E$13) -> 21.340319 | H292: =+(C292*D292)/G292 -> 248.84882 | I292: =+I291 -> 0.3 | J292: =+F292*(1-I292) -> 76.703213 | K292: =+H292*(1-I292) -> 174.19417 | L292: =+L291 -> 206.90372 | M292: =+M291 -> 304.63353
A293: 42826 | B293: A | C293: 352 | D293: =[2]Cuadro!C469 -> 14.909385 | E293: ='[1]IPC99ON (real)'!O443 -> 21.916508 | F293: =+(C293*(D293/E293))/(AVERAGE(C$2:C$13)*AVERAGE(D$2:D$13)/AVERAGE(E$2:E$13))*100 -> 105.44135 | G293: =+E293/AVERAGE(E$2:E$13) -> 21.916508 | H293: =+(C293*D293)/G293 -> 239.45893 | I293: =+I292 -> 0.3 | J293: =+F293*(1-I293) -> 73.808948 | K293: =+H293*(1-I293) -> 167.62125 | L293: =+L292 -> 206.90372 | M293: =+M292 -> 304.63353
A294: 42856 | B294: M | C294: 361 | D294: =[2]Cuadro!C470 -> 14.849809 | E294: ='[1]IPC99ON (real)'!O444 -> 22.223339 | F294: =+(C294*(D294/E294))/(AVERAGE(C$2:C$13)*AVERAGE(D$2:D$13)/AVERAGE(E$2:E$13))*100 -> 106.21814 | G294: =+E294/AVERAGE(E$2:E$13) -> 22.223339 | H294: =+(C294*D294)/G294 -> 241.22303 | I294: =+I293 -> 0.3 | J294: =+F294*(1-I294) -> 74.3527 | K294: =+H294*(1-I294) -> 168.85612 | L294: =+L293 -> 206.90372 | M294: =+M293 -> 304.63353
A295: 42887 | B295: J | C295: 355 | D295: =[2]Cuadro!C471 -> 15.100736 | E295: ='[1]IPC99ON (real)'!O445 -> 22.490019 | F295: =+(C295*(D295/E295))/(AVERAGE(C$2:C$13)*AVERAGE(D$2:D$13)/AVERAGE(E$2:E$13))*100 -> 104.95825 | G295: =+E295/AVERAGE(E$2:E$13) -> 22.490019 | H295: =+(C295*D295)/G295 -> 238.3618 | I295: =+I294 -> 0.3 | J295: =+F295*(1-I295) -> 73.470777 | K295: =+H295*(1-I295) -> 166.85326 | L295: =+L294 -> 206.90372 | M295: =+M294 -> 304.63353
A296: 42917 | B296: J | C296: 378 | D296: =[2]Cuadro!C472 -> 15.181 | E296: ='[1]IPC99ON (real)'!O446 -> 22.872349 | F296: =+(C296*(D296/E296))/(AVERAGE(C$2:C$13)*AVERAGE(D$2:D$13)/AVERAGE(E$2:E$13))*100 -> 110.47432 | G296: =+E296/AVERAGE(E$2:E$13) -> 22.872349 | H296: =+(C296*D296)/G296 -> 250.88888 | I296: 0.3 | J296: =+F296*(1-I296) -> 77.332025 | K296: =+H296*(1-I296) -> 175.62222 | L296: =+L295 -> 206.90372 | M296: =+M295 -> 304.63353
A297: 42948 | B297: A | C297: 368.72727 | D297: =[2]Cuadro!C473 -> 15.3399 | E297: ='[1]IPC99ON (real)'!O447 -> 23.192562 | F297: =+(C297*(D297/E297))/(AVERAGE(C$2:C$13)*AVERAGE(D$2:D$13)/AVERAGE(E$2:E$13))*100 -> 107.3888 | G297: =+E297/AVERAGE(E$2:E$13) -> 23.192562 | H297: =+(C297*D297)/G297 -> 243.88162 | I297: 0.3 | J297: =+F297*(1-I297) -> 75.172162 | K297: =+H297*(1-I297) -> 170.71713 | L297: =+L296 -> 206.90372 | M297: =+M296 -> 304.63353
A298: 42979 | B298: S | C298: 378 | D298: =[2]Cuadro!C474 -> 15.8296 | E298: ='[1]IPC99ON (real)'!O448 -> 23.633221 | F298: =+(C298*(D298/E298))/(AVERAGE(C$2:C$13)*AVERAGE(D$2:D$13)/AVERAGE(E$2:E$13))*100 -> 111.4856 | G298: =+E298/AVERAGE(E$2:E$13) -> 23.633221 | H298: =+(C298*D298)/G298 -> 253.1855 | I298: 0.3 | J298: =+F298*(1-I298) -> 78.039918 | K298: =+H298*(1-I298) -> 177.22985 | L298: =+L297 -> 206.90372 | M298: =+M297 -> 304.63353
A299: 43009 | B299: O | C299: 377 | D299: =[2]Cuadro!C475 -> 15.9065 | E299: ='[1]IPC99ON (real)'!O449 -> 23.987719 | F299: =+(C299*(D299/E299))/(AVERAGE(C$2:C$13)*AVERAGE(D$2:D$13)/AVERAGE(E$2:E$13))*100 -> 110.07963 | G299: =+E299/AVERAGE(E$2:E$13) -> 23.987719 | H299: =+(C299*D299)/G299 -> 249.99253 | I299: 0.3 | J299: =+F299*(1-I299) -> 77.055741 | K299: =+H299*(1-I299) -> 174.99477 | L299: =+L298 -> 206.90372 | M299: =+M298 -> 304.63353
A300: 43040 | B300: N | C300: 370 | D300: =[2]Cuadro!C476 -> 15.5983 | E300: ='[1]IPC99ON (real)'!O450 -> 24.323547 | F300: =+(C300*(D300/E300))/(AVERAGE(C$2:C$13)*AVERAGE(D$2:D$13)/AVERAGE(E$2:E$13))*100 -> 104.47972 | G300: =+E300/AVERAGE(E$2:E$13) -> 24.323547 | H300: =+(C300*D300)/G300 -> 237.27506 | I300: 0.3 | J300: =+F300*(1-I300) -> 73.135807 | K300: =+H300*(1-I300) -> 166.09254 | L300: =+L299 -> 206.90372 | M300: =+M299 -> 304.63353
A301: 43070 | B301: D-17 | C301: 367 | D301: =[2]Cuadro!C477 -> 15.5237 | E301: ='[1]IPC99ON (real)'!O451 -> 25.077577 | F301: =+(C301*(D301/E301))/(AVERAGE(C$2:C$13)*AVERAGE(D$2:D$13)/AVERAGE(E$2:E$13))*100 -> 100.03585 | G301: =+E301/AVERAGE(E$2:E$13) -> 25.077577 | H301: =+(C301*D301)/G301 -> 227.18295 | I301: 0.3 | J301: =+F301*(1-I301) -> 70.025095 | K301: =+H301*(1-I301) -> 159.02807 | L301: =+L300 -> 206.90372 | M301: =+M300 -> 304.63353
A302: 43101 | B302: E-18 | C302: 378 | D302: 19.029036 | E302: ='[1]IPC99ON (real)'!O452 -> 25.528973 | F302: =+(C302*(D302/E302))/(AVERAGE(C$2:C$13)*AVERAGE(D$2:D$13)/AVERAGE(E$2:E$13))*100 -> 124.06669 | G302: =+E302/AVERAGE(E$2:E$13) -> 25.528973 | H302: =+(C302*D302)/G302 -> 281.75735 | I302: 0.295 | J302: =+F302*(1-I302) -> 87.467013 | K302: =+H302*(1-I302) -> 198.63893 | L302: =+L301 -> 206.90372 | M302: =+M301 -> 304.63353
A303: 43132 | B303: F | C303: 388 | D303: 19.840928 | E303: ='[1]IPC99ON (real)'!O453 -> 26.141669 | F303: =+(C303*(D303/E303))/(AVERAGE(C$2:C$13)*AVERAGE(D$2:D$13)/AVERAGE(E$2:E$13))*100 -> 129.67024 | G303: =+E303/AVERAGE(E$2:E$13) -> 26.141669 | H303: =+(C303*D303)/G303 -> 294.48311 | I303: 0.29 | J303: =+F303*(1-I303) -> 92.065873 | K303: =+H303*(1-I303) -> 209.08301 | L303: =+L302 -> 206.90372 | M303: =+M302 -> 304.63353
A304: 43160 | B304: M | C304: 402 | D304: 20.2378 | E304: ='[1]IPC99ON (real)'!O454 -> 26.742927 | F304: =+(C304*(D304/E304))/(AVERAGE(C$2:C$13)*AVERAGE(D$2:D$13)/AVERAGE(E$2:E$13))*100 -> 133.95544 | G304: =+E304/AVERAGE(E$2:E$13) -> 26.742927 | H304: =+(C304*D304)/G304 -> 304.21485 | I304: 0.285 | J304: =+F304*(1-I304) -> 95.778138 | K304: =+H304*(1-I304) -> 217.51362 | L304: =+L303 -> 206.90372 | M304: =+M303 -> 304.63353
A305: 43191 | B305: A | C305: 422 | D305: 20.2349 | E305: ='[1]IPC99ON (real)'!O455 -> 27.464986 | F305: =+(C305*(D305/E305))/(AVERAGE(C$2:C$13)*AVERAGE(D$2:D$13)/AVERAGE(E$2:E$13))*100 -> 136.90335 | G305: =+E305/AVERAGE(E$2:E$13) -> 27.464986 | H305: =+(C305*D305)/G305 -> 310.9096 | I305: 0.28 | J305: =+F305*(1-I305) -> 98.570409 | K305: =+H305*(1-I305) -> 223.85491 | L305: =+L304 -> 206.90372 | M305: =+M304 -> 304.63353
A306: 43221 | B306: M | C306: 401 | D306: 23.6687 | E306: ='[1]IPC99ON (real)'!O456 -> 28.041751 | F306: =+(C306*(D306/E306))/(AVERAGE(C$2:C$13)*AVERAGE(D$2:D$13)/AVERAGE(E$2:E$13))*100 -> 149.03682 | G306: =+E306/AVERAGE(E$2:E$13) -> 28.041751 | H306: =+(C306*D306)/G306 -> 338.46491 | I306: 0.275 | J306: =+F306*(1-I306) -> 108.0517 | K306: =+H306*(1-I306) -> 245.38706 | L306: =+L305 -> 206.90372 | M306: =+M305 -> 304.63353
A307: 43252 | B307: J | C307: 386 | D307: 26.5342 | E307: ='[1]IPC99ON (real)'!O457 -> 29.079296 | F307: =+(C307*(D307/E307))/(AVERAGE(C$2:C$13)*AVERAGE(D$2:D$13)/AVERAGE(E$2:E$13))*100 -> 155.09199 | G307: =+E307/AVERAGE(E$2:E$13) -> 29.079296 | H307: =+(C307*D307)/G307 -> 352.21628 | I307: 0.27 | J307: =+F307*(1-I307) -> 113.21715 | K307: =+H307*(1-I307) -> 257.11788 | L307: =+L306 -> 206.90372 | M307: =+M306 -> 304.63353
A308: 43282 | B308: J | C308: 379 | D308: 27.6247 | E308: ='[1]IPC99ON (real)'!O458 -> 29.980754 | F308: =+(C308*(D308/E308))/(AVERAGE(C$2:C$13)*AVERAGE(D$2:D$13)/AVERAGE(E$2:E$13))*100 -> 153.7709 | G308: =+E308/AVERAGE(E$2:E$13) -> 29.980754 | H308: =+(C308*D308)/G308 -> 349.21608 | I308: 0.265 | J308: =+F308*(1-I308) -> 113.02161 | K308: =+H308*(1-I308) -> 256.67382 | L308: =+L307 -> 206.90372 | M308: =+M307 -> 304.63353
A309: 43313 | B309: A | C309: 383 | D309: 30.1245 | E309: ='[1]IPC99ON (real)'!O459 -> 31.150003 | F309: =+(C309*(D309/E309))/(AVERAGE(C$2:C$13)*AVERAGE(D$2:D$13)/AVERAGE(E$2:E$13))*100 -> 163.09493 | G309: =+E309/AVERAGE(E$2:E$13) -> 31.150003 | H309: =+(C309*D309)/G309 -> 370.39109 | I309: 0.26 | J309: =+F309*(1-I309) -> 120.69025 | K309: =+H309*(1-I309) -> 274.0894 | L309: =+L308 -> 206.90372 | M309: =+M308 -> 304.63353
A310: 43344 | B310: S | C310: 380 | D310: 38.59 | E310: ='[1]IPC99ON (real)'!O460 -> 33.174753 | F310: =+(C310*(D310/E310))/(AVERAGE(C$2:C$13)*AVERAGE(D$2:D$13)/AVERAGE(E$2:E$13))*100 -> 194.63933 | G310: =+E310/AVERAGE(E$2:E$13) -> 33.174753 | H310: =+(C310*D310)/G310 -> 442.02891 | I310: =+(18%+4/D310) -> 0.2836538 | J310: =+F310*(1-I310) -> 139.42915 | K310: =+H310*(1-I310) -> 316.64573 | L310: =+L309 -> 206.90372 | M310: =+M309 -> 304.63353
A311: 43374 | B311: O | C311: 393 | D311: 37.1202 | E311: ='[1]IPC99ON (real)'!O461 -> 34.96619 | F311: =+(C311*(D311/E311))/(AVERAGE(C$2:C$13)*AVERAGE(D$2:D$13)/AVERAGE(E$2:E$13))*100 -> 183.71071 | G311: =+E311/AVERAGE(E$2:E$13) -> 34.96619 | H311: =+(C311*D311)/G311 -> 417.20984 | I311: =+(18%+4/D311) -> 0.28775804 | J311: =+F311*(1-I311) -> 130.84648 | K311: =+H311*(1-I311) -> 297.15436 | L311: =+L310 -> 206.90372 | M311: =+M310 -> 304.63353
A312: 43405 | B312: N | C312: 369 | D312: 36.459 | E312: ='[1]IPC99ON (real)'!O462 -> 36.085108 | F312: =+(C312*(D312/E312))/(AVERAGE(C$2:C$13)*AVERAGE(D$2:D$13)/AVERAGE(E$2:E$13))*100 -> 164.16593 | G312: =+E312/AVERAGE(E$2:E$13) -> 36.085108 | H312: =+(C312*D312)/G312 -> 372.82335 | I312: =+(18%+4/D312) -> 0.28971228 | J312: =+F312*(1-I312) -> 116.60505 | K312: =+H312*(1-I312) -> 264.81185 | L312: =+L311 -> 206.90372 | M312: =+M311 -> 304.63353
A313: 43435 | B313: D | C313: 358 | D313: 37.8852 | E313: ='[1]IPC99ON (real)'!O463 -> 37.023321 | F313: =+(C313*(D313/E313))/(AVERAGE(C$2:C$13)*AVERAGE(D$2:D$13)/AVERAGE(E$2:E$13))*100 -> 161.30847 | G313: =+E313/AVERAGE(E$2:E$13) -> 37.023321 | H313: =+(C313*D313)/G313 -> 366.33401 | I313: =+(18%+4/D313) -> 0.28558213 | J313: =+F313*(1-I313) -> 115.24165 | K313: =+H313*(1-I313) -> 261.71556 | L313: =+L312 -> 206.90372 | M313: =+M312 -> 304.63353
A314: 43466 | B314: E-19 | C314: 347 | D314: 37.4069 | E314: ='[1]IPC99ON (real)'!O464 -> 38.096997 | F314: =+(C314*(D314/E314))/(AVERAGE(C$2:C$13)*AVERAGE(D$2:D$13)/AVERAGE(E$2:E$13))*100 -> 150.02733 | G314: =+E314/AVERAGE(E$2:E$13) -> 38.096997 | H314: =+(C314*D314)/G314 -> 340.71437 | I314: =+(18%+4/D314) -> 0.28693214 | J314: =+F314*(1-I314) -> 106.97967 | K314: =+H314*(1-I314) -> 242.95246 | L314: =+L313 -> 206.90372 | M314: =+M313 -> 304.63353
A315: 43497 | B315: F | C315: =+C314 -> 347 | D315: 38.4086 | E315: ='[1]IPC99ON (real)'!O465 -> 39.544683 | F315: =+(C315*(D315/E315))/(AVERAGE(C$2:C$13)*AVERAGE(D$2:D$13)/AVERAGE(E$2:E$13))*100 -> 148.40543 | G315: =+E315/AVERAGE(E$2:E$13) -> 39.544683 | H315: =+(C315*D315)/G315 -> 337.031 | I315: =+(18%+4/D315) -> 0.28414334 | J315: =+F315*(1-I315) -> 106.23701 | K315: =+H315*(1-I315) -> 241.26589 | L315: =+L314 -> 206.90372 | M315: =+M314 -> 304.63353
A316: 43525 | B316: M | C316: 335 | D316: 41.3624 | E316: ='[1]IPC99ON (real)'!O466 -> 41.403283 | F316: =+(C316*(D316/E316))/(AVERAGE(C$2:C$13)*AVERAGE(D$2:D$13)/AVERAGE(E$2:E$13))*100 -> 147.36545 | G316: =+E316/AVERAGE(E$2:E$13) -> 41.403283 | H316: =+(C316*D316)/G316 -> 334.66921 | I316: =+(18%+4/D316) -> 0.27670619 | J316: =+F316*(1-I316) -> 106.58852 | K316: =+H316*(1-I316) -> 242.06417 | L316: =+L315 -> 206.90372 | M316: =+M315 -> 304.63353
A317: 43556 | B317: A | C317: 318 | D317: 43.2338 | E317: ='[1]IPC99ON (real)'!O467 -> 42.810995 | F317: =+(C317*(D317/E317))/(AVERAGE(C$2:C$13)*AVERAGE(D$2:D$13)/AVERAGE(E$2:E$13))*100 -> 141.40838 | G317: =+E317/AVERAGE(E$2:E$13) -> 42.810995 | H317: =+(C317*D317)/G317 -> 321.1406 | I317: =+(18%+4/D317) -> 0.2725202 | J317: =+F317*(1-I317) -> 102.87174 | K317: =+H317*(1-I317) -> 233.6233 | L317: =+L316 -> 206.90372 | M317: =+M316 -> 304.63353
A318: 43586 | B318: M | C318: 320 | D318: 44.9332 | E318: ='[1]IPC99ON (real)'!O468 -> 44.138136 | F318: =+(C318*(D318/E318))/(AVERAGE(C$2:C$13)*AVERAGE(D$2:D$13)/AVERAGE(E$2:E$13))*100 -> 143.44429 | G318: =+E318/AVERAGE(E$2:E$13) -> 44.138136 | H318: =+(C318*D318)/G318 -> 325.76419 | I318: =+(18%+4/D318) -> 0.26902104 | J318: =+F318*(1-I318) -> 104.85476 | K318: =+H318*(1-I318) -> 238.12677 | L318: =+L317 -> 206.90372 | M318: =+M317 -> 304.63353
A319: 43617 | B319: J | C319: 346 | D319: 43.7894 | E319: ='[1]IPC99ON (real)'!O469 -> 45.329865 | F319: =+(C319*(D319/E319))/(AVERAGE(C$2:C$13)*AVERAGE(D$2:D$13)/AVERAGE(E$2:E$13))*100 -> 147.17722 | G319: =+E319/AVERAGE(E$2:E$13) -> 45.329865 | H319: =+(C319*D319)/G319 -> 334.24173 | I319: =+(18%+4/D319) -> 0.27134631 | J319: =+F319*(1-I319) -> 107.24123 | K319: =+H319*(1-I319) -> 243.54647 | L319: =+L318 -> 206.90372 | M319: =+M318 -> 304.63353
A320: 43647 | B320: J | C320: 341 | D320: 42.5434 | E320: ='[1]IPC99ON (real)'!O470 -> 46.327122 | F320: =+(C320*(D320/E320))/(AVERAGE(C$2:C$13)*AVERAGE(D$2:D$13)/AVERAGE(E$2:E$13))*100 -> 137.8895 | G320: =+E320/AVERAGE(E$2:E$13) -> 46.327122 | H320: =+(C320*D320)/G320 -> 313.14916 | I320: =+(18%+4/D320) -> 0.27402163 | J320: =+F320*(1-I320) -> 100.10479 | K320: =+H320*(1-I320) -> 227.33951 | L320: =+L319 -> 206.90372 | M320: =+M319 -> 304.63353
A321: 43678 | B321: A | C321: 347 | D321: 52.7271 | E321: ='[1]IPC99ON (real)'!O471 -> 48.180207 | F321: =+(C321*(D321/E321))/(AVERAGE(C$2:C$13)*AVERAGE(D$2:D$13)/AVERAGE(E$2:E$13))*100 -> 167.21477 | G321: =+E321/AVERAGE(E$2:E$13) -> 48.180207 | H321: =+(C321*D321)/G321 -> 379.7473 | I321: =+(18%+4/D321) -> 0.25586232 | J321: =+F321*(1-I321) -> 124.43081 | K321: =+H321*(1-I321) -> 282.58428 | L321: =+L320 -> 206.90372 | M321: =+M320 -> 304.63353
A322: 43709 | B322: S | C322: 349 | D322: 56.5014 | E322: ='[1]IPC99ON (real)'!O472 -> 51.022839 | F322: =+(C322*(D322/E322))/(AVERAGE(C$2:C$13)*AVERAGE(D$2:D$13)/AVERAGE(E$2:E$13))*100 -> 170.17664 | G322: =+E322/AVERAGE(E$2:E$13) -> 51.022839 | H322: =+(C322*D322)/G322 -> 386.47376 | I322: =+(18%+4/D322) -> 0.25079471 | J322: =+F322*(1-I322) -> 127.49724 | K322: =+H322*(1-I322) -> 289.54819 | L322: =+L321 -> 206.90372 | M322: =+M321 -> 304.63353
A323: 43739 | B323: O | C323: 354 | D323: 58.5308 | E323: ='[1]IPC99ON (real)'!O473 -> 52.706593 | F323: =+(C323*(D323/E323))/(AVERAGE(C$2:C$13)*AVERAGE(D$2:D$13)/AVERAGE(E$2:E$13))*100 -> 173.10225 | G323: =+E323/AVERAGE(E$2:E$13) -> 52.706593 | H323: =+(C323*D323)/G323 -> 393.11786 | I323: =+(18%+4/D323) -> 0.24834009 | J323: =+F323*(1-I323) -> 130.11402 | K323: =+H323*(1-I323) -> 295.49094 | L323: =+L322 -> 206.90372 | M323: =+M322 -> 304.63353
A324: 43770 | B324: N | C324: 353 | D324: 59.7381 | E324: ='[1]IPC99ON (real)'!O474 -> 54.972977 | F324: =+(C324*(D324/E324))/(AVERAGE(C$2:C$13)*AVERAGE(D$2:D$13)/AVERAGE(E$2:E$13))*100 -> 168.91056 | G324: =+E324/AVERAGE(E$2:E$13) -> 54.972977 | H324: =+(C324*D324)/G324 -> 383.59846 | I324: =+(18%+4/D324) -> 0.24695894 | J324: =+F324*(1-I324) -> 127.19658 | K324: =+H324*(1-I324) -> 288.86539 | L324: =+L323 -> 206.90372 | M324: =+M323 -> 304.63353
A325: 43800 | B325: D | C325: 363 | D325: 59.8832 | E325: ='[1]IPC99ON (real)'!O475 -> 57.006977 | F325: =+(C325*(D325/E325))/(AVERAGE(C$2:C$13)*AVERAGE(D$2:D$13)/AVERAGE(E$2:E$13))*100 -> 167.90497 | G325: =+E325/AVERAGE(E$2:E$13) -> 57.006977 | H325: =+(C325*D325)/G325 -> 381.31476 | I325: 0.3 | J325: =+F325*(1-I325) -> 117.53348 | K325: =+H325*(1-I325) -> 266.92033 | L325: =+L324 -> 206.90372 | M325: =+M324 -> 304.63353
A326: 43831 | B326: E-20 | C326: 361 | D326: 60.011 | E326: ='[1]IPC99ON (real)'!O476 -> 58.318137 | F326: =+(C326*(D326/E326))/(AVERAGE(C$2:C$13)*AVERAGE(D$2:D$13)/AVERAGE(E$2:E$13))*100 -> 163.57403 | G326: =+E326/AVERAGE(E$2:E$13) -> 58.318137 | H326: =+(C326*D326)/G326 -> 371.47913 | I326: 0.3 | J326: =+F326*(1-I326) -> 114.50182 | K326: =+H326*(1-I326) -> 260.03539 | L326: =+L325 -> 206.90372 | M326: =+M325 -> 304.63353
A327: 43862 | B327: F | C327: 347 | D327: 61.3484 | E327: ='[1]IPC99ON (real)'!O477 -> 59.4845 | F327: =+(C327*(D327/E327))/(AVERAGE(C$2:C$13)*AVERAGE(D$2:D$13)/AVERAGE(E$2:E$13))*100 -> 157.58281 | G327: =+E327/AVERAGE(E$2:E$13) -> 59.4845 | H327: =+(C327*D327)/G327 -> 357.87297 | I327: 0.3 | J327: =+F327*(1-I327) -> 110.30797 | K327: =+H327*(1-I327) -> 250.51108 | L327: =+L326 -> 206.90372 | M327: =+M326 -> 304.63353
A328: 43891 | B328: M | C328: 324 | D328: 63.1227 | E328: ='[1]IPC99ON (real)'!O478 -> 61.447488 | F328: =+(C328*(D328/E328))/(AVERAGE(C$2:C$13)*AVERAGE(D$2:D$13)/AVERAGE(E$2:E$13))*100 -> 146.55693 | G328: =+E328/AVERAGE(E$2:E$13) -> 61.447488 | H328: =+(C328*D328)/G328 -> 332.83305 | I328: 0.33 | J328: =+F328*(1-I328) -> 98.193146 | K328: =+H328*(1-I328) -> 222.99814 | L328: =+L327 -> 206.90372 | M328: =+M327 -> 304.63353
A329: 43922 | B329: A | C329: 325 | D329: 65.762 | E329: ='[1]IPC99ON (real)'!O479 -> 62.369201 | F329: =+(C329*(D329/E329))/(AVERAGE(C$2:C$13)*AVERAGE(D$2:D$13)/AVERAGE(E$2:E$13))*100 -> 150.89266 | G329: =+E329/AVERAGE(E$2:E$13) -> 62.369201 | H329: =+(C329*D329)/G329 -> 342.67956 | I329: 0.33 | J329: =+F329*(1-I329) -> 101.09809 | K329: =+H329*(1-I329) -> 229.5953 | L329: =+L328 -> 206.90372 | M329: =+M328 -> 304.63353
A330: 43952 | B330: M | C330: 329 | D330: 67.7255 | E330: ='[1]IPC99ON (real)'!O480 -> 63.304739 | F330: =+(C330*(D330/E330))/(AVERAGE(C$2:C$13)*AVERAGE(D$2:D$13)/AVERAGE(E$2:E$13))*100 -> 154.98577 | G330: =+E330/AVERAGE(E$2:E$13) -> 63.304739 | H330: =+(C330*D330)/G330 -> 351.97506 | I330: 0.33 | J330: =+F330*(1-I330) -> 103.84047 | K330: =+H330*(1-I330) -> 235.82329 | L330: =+L329 -> 206.90372 | M330: =+M329 -> 304.63353
A331: 43983 | B331: J | C331: 346 | D331: 69.5407 | E331: ='[1]IPC99ON (real)'!O481 -> 64.697443 | F331: =+(C331*(D331/E331))/(AVERAGE(C$2:C$13)*AVERAGE(D$2:D$13)/AVERAGE(E$2:E$13))*100 -> 163.76005 | G331: =+E331/AVERAGE(E$2:E$13) -> 64.697443 | H331: =+(C331*D331)/G331 -> 371.90159 | I331: 0.33 | J331: =+F331*(1-I331) -> 109.71924 | K331: =+H331*(1-I331) -> 249.17407 | L331: =+L330 -> 206.90372 | M331: =+M330 -> 304.63353
A332: 44013 | B332: J | C332: 360 | D332: 71.4749 | E332: ='[1]IPC99ON (real)'!O482 -> 65.926694 | F332: =+(C332*(D332/E332))/(AVERAGE(C$2:C$13)*AVERAGE(D$2:D$13)/AVERAGE(E$2:E$13))*100 -> 171.85995 | G332: =+E332/AVERAGE(E$2:E$13) -> 65.926694 | H332: =+(C332*D332)/G332 -> 390.29659 | I332: 0.33 | J332: =+F332*(1-I332) -> 115.14617 | K332: =+H332*(1-I332) -> 261.49871 | L332: =+L331 -> 206.90372 | M332: =+M331 -> 304.63353
A333: 44044 | B333: A | C333: 369 | D333: 73.293 | E333: ='[1]IPC99ON (real)'!O483 -> 67.706715 | F333: =+(C333*(D333/E333))/(AVERAGE(C$2:C$13)*AVERAGE(D$2:D$13)/AVERAGE(E$2:E$13))*100 -> 175.88834 | G333: =+E333/AVERAGE(E$2:E$13) -> 67.706715 | H333: =+(C333*D333)/G333 -> 399.44512 | I333: 0.33 | J333: =+F333*(1-I333) -> 117.84519 | K333: =+H333*(1-I333) -> 267.62823 | L333: =+L332 -> 206.90372 | M333: =+M332 -> 304.63353
A334: 44075 | B334: S | C334: 410 | D334: 75.1986 | E334: ='[1]IPC99ON (real)'!O484 -> 69.602503 | F334: =+(C334*(D334/E334))/(AVERAGE(C$2:C$13)*AVERAGE(D$2:D$13)/AVERAGE(E$2:E$13))*100 -> 195.05123 | G334: =+E334/AVERAGE(E$2:E$13) -> 69.602503 | H334: =+(C334*D334)/G334 -> 442.96433 | I334: 0.33 | J334: =+F334*(1-I334) -> 130.68432 | K334: =+H334*(1-I334) -> 296.7861 | L334: =+L333 -> 206.90372 | M334: =+M333 -> 304.63353
A335: 44105 | B335: O | C335: 447 | D335: 77.5693 | E335: ='[1]IPC99ON (real)'!O485 -> 72.247398 | F335: =+(C335*(D335/E335))/(AVERAGE(C$2:C$13)*AVERAGE(D$2:D$13)/AVERAGE(E$2:E$13))*100 -> 211.32706 | G335: =+E335/AVERAGE(E$2:E$13) -> 72.247398 | H335: =+(C335*D335)/G335 -> 479.927 | I335: 0.33 | J335: =+F335*(1-I335) -> 141.58913 | K335: =+H335*(1-I335) -> 321.55109 | L335: =+L334 -> 206.90372 | M335: =+M334 -> 304.63353
A336: 44136 | B336: N | C336: 482 | D336: 79.9332 | E336: ='[1]IPC99ON (real)'!O486 -> 74.559315 | F336: =+(C336*(D336/E336))/(AVERAGE(C$2:C$13)*AVERAGE(D$2:D$13)/AVERAGE(E$2:E$13))*100 -> 227.53712 | G336: =+E336/AVERAGE(E$2:E$13) -> 74.559315 | H336: =+(C336*D336)/G336 -> 516.74029 | I336: 0.33 | J336: =+F336*(1-I336) -> 152.44987 | K336: =+H336*(1-I336) -> 346.216 | L336: =+L335 -> 206.90372 | M336: =+M335 -> 304.63353
... A402: 46143 | B402: M | C402: 434 | D402: 1397.2372 | E402: ='[1]IPC99ON (real)'!O552 -> 2323.7243 | F402: =+(C402*(D402/E402))/(AVERAGE(C$2:C$13)*AVERAGE(D$2:D$13)/AVERAGE(E$2:E$13))*100 -> 114.90931 | G402: =+E402/AVERAGE(E$2:E$13) -> 2323.7243 | H402: =+(C402*D402)/G402 -> 260.9608 | I402: 0.24 | J402: =+F402*(1-I402) -> 87.331073 | K402: =+H402*(1-I402) -> 198.33021 | L402: =+L401 -> 206.90372 | M402: =+M401 -> 304.63353
B403: J | C403: 416 | D403: 1450.2728 | E403: ='[1]IPC99ON (real)'!O553 -> 2367.8751 | F403: =+(C403*(D403/E403))/(AVERAGE(C$2:C$13)*AVERAGE(D$2:D$13)/AVERAGE(E$2:E$13))*100 -> 112.19259 | G403: =+E403/AVERAGE(E$2:E$13) -> 2367.8751 | H403: =+(C403*D403)/G403 -> 254.7911 | I403: 0.24 | J403: =+F403*(1-I403) -> 85.26637 | K403: =+H403*(1-I403) -> 193.64123 | L403: =+L402 -> 206.90372 | M403: =+M402 -> 304.63353
B404: J | C404: 452 | D404: 1487.0038 | E404: ='[1]IPC99ON (real)'!O554 -> 2417.6004 | F404: =+(C404*(D404/E404))/(AVERAGE(C$2:C$13)*AVERAGE(D$2:D$13)/AVERAGE(E$2:E$13))*100 -> 122.41818 | G404: =+E404/AVERAGE(E$2:E$13) -> 2417.6004 | H404: =+(C404*D404)/G404 -> 278.01357 | I404: 0.24 | J404: =+F404*(1-I404) -> 93.037817 | K404: =+H404*(1-I404) -> 211.29031 | L404: =+L403 -> 206.90372 | M404: =+M403 -> 304.63353
B405: A | C405: 468 | D405: 1499.9629 | E405: ='[1]IPC99ON (real)'!O555 -> 2461.1172 | F405: =+(C405*(D405/E405))/(AVERAGE(C$2:C$13)*AVERAGE(D$2:D$13)/AVERAGE(E$2:E$13))*100 -> 125.59548 | G405: =+E405/AVERAGE(E$2:E$13) -> 2461.1172 | H405: =+(C405*D405)/G405 -> 285.22925 | I405: 0.24 | J405: =+F405*(1-I405) -> 95.452562 | K405: =+H405*(1-I405) -> 216.77423 | L405: =+L404 -> 206.90372 | M405: =+M404 -> 304.63353
B406: S | C406: 507 | D406: 1515 | E406: ='[1]IPC99ON (real)'!O556 -> 2502.9562 | F406: =+(C406*(D406/E406))/(AVERAGE(C$2:C$13)*AVERAGE(D$2:D$13)/AVERAGE(E$2:E$13))*100 -> 135.1286 | G406: =+E406/AVERAGE(E$2:E$13) -> 2502.9562 | H406: =+(C406*D406)/G406 -> 306.87912 | I406: 0.24 | J406: =+F406*(1-I406) -> 102.69773 | K406: =+H406*(1-I406) -> 233.22813 | L406: =+L405 -> 206.90372 | M406: =+M405 -> 304.63353
B407: O
B408: N
B409: D

Sheet TRIGO
C1: FOB USD/Ton | D1: com3500 $/USD | E1: IPC 1993=1 | F1: INDICE FOB*FX/IPC todo base 1993 (1) | G1: FX 1993=1 | H1: Precio FOB*FX/(IPC 1993=1) = FOB REAL | I1: DEX | J1: (1)*(1-DEX) | K1: FOB REAL*(1-DEX) = PRP
A2: 33970 | B2: E-93 | C2: 126 | D2: =SOJA!D2 -> 0.99874 | E2: =SOJA!E2 -> 0.96122511 | F2: =+(C2*(D2/E2))/(AVERAGE(C$109)*AVERAGE(D$109)/AVERAGE(E$109))*100 -> 119.28036 | G2: =+E2/AVERAGE(E$2:E$13) -> 0.96122511 | H2: =+(C2*D2)/G2 -> 130.91755 | I2: 0 | J2: =+F2*(1-I2)/(F$109*(1-I$109))*100 -> 119.28036 | K2: =+H2*(1-I2) -> 130.91755 | L2: =+AVERAGE(K2:K109) -> 134.93063 | M2: =+AVERAGE(K110:K277) -> 207.19615
A3: 34001 | B3: F | C3: 128 | D3: =SOJA!D3 -> 0.999155 | E3: =SOJA!E3 -> 0.96824627 | F3: =+(C3*(D3/E3))/(AVERAGE(C$109)*AVERAGE(D$109)/AVERAGE(E$109))*100 -> 120.345 | G3: =+E3/AVERAGE(E$2:E$13) -> 0.96824627 | H3: =+(C3*D3)/G3 -> 132.08606 | I3: =+I2 -> 0 | J3: =+F3*(1-I3)/(F$109*(1-I$109))*100 -> 120.345 | K3: =+H3*(1-I3) -> 132.08606 | L3: =+L2 -> 134.93063 | M3: =+M2 -> 207.19615
A4: 34029 | B4: M | C4: 123 | D4: =SOJA!D4 -> 0.999687 | E4: =SOJA!E4 -> 0.97552607 | F4: =+(C4*(D4/E4))/(AVERAGE(C$109)*AVERAGE(D$109)/AVERAGE(E$109))*100 -> 114.84215 | G4: =+E4/AVERAGE(E$2:E$13) -> 0.97552607 | H4: =+(C4*D4)/G4 -> 126.04635 | I4: =+I3 -> 0 | J4: =+F4*(1-I4)/(F$109*(1-I$109))*100 -> 114.84215 | K4: =+H4*(1-I4) -> 126.04635 | L4: =+L3 -> 134.93063 | M4: =+M3 -> 207.19615
A5: 34060 | B5: A | C5: 127 | D5: =SOJA!D5 -> 0.99916 | E5: =SOJA!E5 -> 0.98572347 | F5: =+(C5*(D5/E5))/(AVERAGE(C$109)*AVERAGE(D$109)/AVERAGE(E$109))*100 -> 117.2883 | G5: =+E5/AVERAGE(E$2:E$13) -> 0.98572347 | H5: =+(C5*D5)/G5 -> 128.73115 | I5: =+I4 -> 0 | J5: =+F5*(1-I5)/(F$109*(1-I$109))*100 -> 117.2883 | K5: =+H5*(1-I5) -> 128.73115 | L5: =+L4 -> 134.93063 | M5: =+M4 -> 207.19615
A6: 34090 | B6: M | C6: 133 | D6: =SOJA!D6 -> 0.999395 | E6: =SOJA!E6 -> 0.99840532 | F6: =+(C6*(D6/E6))/(AVERAGE(C$109)*AVERAGE(D$109)/AVERAGE(E$109))*100 -> 121.29781 | G6: =+E6/AVERAGE(E$2:E$13) -> 0.99840532 | H6: =+(C6*D6)/G6 -> 133.13184 | I6: =+I5 -> 0 | J6: =+F6*(1-I6)/(F$109*(1-I$109))*100 -> 121.29781 | K6: =+H6*(1-I6) -> 133.13184 | L6: =+L5 -> 134.93063 | M6: =+M5 -> 207.19615
A7: 34121 | B7: J | C7: 137 | D7: =SOJA!D7 -> 0.9992857 | E7: =SOJA!E7 -> 1.005587 | F7: =+(C7*(D7/E7))/(AVERAGE(C$109)*AVERAGE(D$109)/AVERAGE(E$109))*100 -> 124.03997 | G7: =+E7/AVERAGE(E$2:E$13) -> 1.005587 | H7: =+(C7*D7)/G7 -> 136.14152 | I7: =+I6 -> 0 | J7: =+F7*(1-I7)/(F$109*(1-I$109))*100 -> 124.03997 | K7: =+H7*(1-I7) -> 136.14152 | L7: =+L6 -> 134.93063 | M7: =+M6 -> 207.19615
A8: 34151 | B8: J | C8: 137 | D8: =SOJA!D8 -> 0.9989238 | E8: =SOJA!E8 -> 1.0088218 | F8: =+(C8*(D8/E8))/(AVERAGE(C$109)*AVERAGE(D$109)/AVERAGE(E$109))*100 -> 123.59745 | G8: =+E8/AVERAGE(E$2:E$13) -> 1.0088218 | H8: =+(C8*D8)/G8 -> 135.65583 | I8: =+I7 -> 0 | J8: =+F8*(1-I8)/(F$109*(1-I$109))*100 -> 123.59745 | K8: =+H8*(1-I8) -> 135.65583 | L8: =+L7 -> 134.93063 | M8: =+M7 -> 207.19615
A9: 34182 | B9: A | C9: 136 | D9: =SOJA!D9 -> 1.000175 | E9: =SOJA!E9 -> 1.0089836 | F9: =+(C9*(D9/E9))/(AVERAGE(C$109)*AVERAGE(D$109)/AVERAGE(E$109))*100 -> 122.82926 | G9: =+E9/AVERAGE(E$2:E$13) -> 1.0089836 | H9: =+(C9*D9)/G9 -> 134.81269 | I9: =+I8 -> 0 | J9: =+F9*(1-I9)/(F$109*(1-I$109))*100 -> 122.82926 | K9: =+H9*(1-I9) -> 134.81269 | L9: =+L8 -> 134.93063 | M9: =+M8 -> 207.19615
A10: 34213 | B10: S | C10: 139 | D10: =SOJA!D10 -> 1.0010095 | E10: =SOJA!E10 -> 1.0172986 | F10: =+(C10*(D10/E10))/(AVERAGE(C$109)*AVERAGE(D$109)/AVERAGE(E$109))*100 -> 124.61651 | G10: =+E10/AVERAGE(E$2:E$13) -> 1.0172986 | H10: =+(C10*D10)/G10 -> 136.77432 | I10: =+I9 -> 0 | J10: =+F10*(1-I10)/(F$109*(1-I$109))*100 -> 124.61651 | K10: =+H10*(1-I10) -> 136.77432 | L10: =+L9 -> 134.93063 | M10: =+M9 -> 207.19615
A11: 34243 | B11: O | C11: 135 | D11: =SOJA!D11 -> 0.999515 | E11: =SOJA!E11 -> 1.0230491 | F11: =+(C11*(D11/E11))/(AVERAGE(C$109)*AVERAGE(D$109)/AVERAGE(E$109))*100 -> 120.17044 | G11: =+E11/AVERAGE(E$2:E$13) -> 1.0230491 | H11: =+(C11*D11)/G11 -> 131.89448 | I11: =+I10 -> 0 | J11: =+F11*(1-I11)/(F$109*(1-I$109))*100 -> 120.17044 | K11: =+H11*(1-I11) -> 131.89448 | L11: =+L10 -> 134.93063 | M11: =+M10 -> 207.19615
A12: 34274 | B12: N | C12: 128 | D12: =SOJA!D12 -> 0.998519 | E12: =SOJA!E12 -> 1.023634 | F12: =+(C12*(D12/E12))/(AVERAGE(C$109)*AVERAGE(D$109)/AVERAGE(E$109))*100 -> 113.7608 | G12: =+E12/AVERAGE(E$2:E$13) -> 1.023634 | H12: =+(C12*D12)/G12 -> 124.8595 | I12: =+I11 -> 0 | J12: =+F12*(1-I12)/(F$109*(1-I$109))*100 -> 113.7608 | K12: =+H12*(1-I12) -> 124.8595 | L12: =+L11 -> 134.93063 | M12: =+M11 -> 207.19615
A13: 34304 | B13: D-93 | C13: 123 | D13: =SOJA!D13 -> 0.9985952 | E13: =SOJA!E13 -> 1.0234997 | F13: =+(C13*(D13/E13))/(AVERAGE(C$109)*AVERAGE(D$109)/AVERAGE(E$109))*100 -> 109.33971 | G13: =+E13/AVERAGE(E$2:E$13) -> 1.0234997 | H13: =+(C13*D13)/G13 -> 120.00708 | I13: =+I12 -> 0 | J13: =+F13*(1-I13)/(F$109*(1-I$109))*100 -> 109.33971 | K13: =+H13*(1-I13) -> 120.00708 | L13: =+L12 -> 134.93063 | M13: =+M12 -> 207.19615
A14: 34335 | B14: E-94 | C14: 120 | D14: =SOJA!D14 -> 0.9985714 | E14: =SOJA!E14 -> 1.0245302 | F14: =+(C14*(D14/E14))/(AVERAGE(C$109)*AVERAGE(D$109)/AVERAGE(E$109))*100 -> 106.56306 | G14: =+E14/AVERAGE(E$2:E$13) -> 1.0245302 | H14: =+(C14*D14)/G14 -> 116.95953 | I14: =+I13 -> 0 | J14: =+F14*(1-I14)/(F$109*(1-I$109))*100 -> 106.56306 | K14: =+H14*(1-I14) -> 116.95953 | L14: =+L13 -> 134.93063 | M14: =+M13 -> 207.19615
... A111: 37288 | B111: F | C111: 116 | D111: =SOJA!D111 -> 2.128 | E111: =SOJA!E111 -> 1.1049591 | F111: =+(C111*(D111/E111))/(AVERAGE(C$109)*AVERAGE(D$109)/AVERAGE(E$109))*100 -> 203.54219 | G111: =+E111/AVERAGE(E$2:E$13) -> 1.1049591 | H111: =+(C111*D111)/G111 -> 223.40012 | I111: =+I110 -> 0 | J111: =+F111*(1-I111)/(F$109*(1-I$109))*100 -> 203.54219 | K111: =+H111*(1-I111) -> 223.40012 | L111: =+L110 -> 134.93063 | M111: =+M110 -> 207.19615
A112: 37316 | B112: M | C112: 115 | D112: =SOJA!D112 -> 2.5452632 | E112: =SOJA!E112 -> 1.1487411 | F112: =+(C112*(D112/E112))/(AVERAGE(C$109)*AVERAGE(D$109)/AVERAGE(E$109))*100 -> 232.15572 | G112: =+E112/AVERAGE(E$2:E$13) -> 1.1487411 | H112: =+(C112*D112)/G112 -> 254.80524 | I112: 0 | J112: =+F112*(1-I112)/(F$109*(1-I$109))*100 -> 232.15572 | K112: =+H112*(1-I112) -> 254.80524 | L112: =+L111 -> 134.93063 | M112: =+M111 -> 207.19615
A113: 37347 | B113: A | C113: 124 | D113: =SOJA!D113 -> 3.0331818 | E113: =SOJA!E113 -> 1.2680686 | F113: =+(C113*(D113/E113))/(AVERAGE(C$109)*AVERAGE(D$109)/AVERAGE(E$109))*100 -> 270.23925 | G113: =+E113/AVERAGE(E$2:E$13) -> 1.2680686 | H113: =+(C113*D113)/G113 -> 296.60426 | I113: 0.2 | J113: =+F113*(1-I113)/(F$109*(1-I$109))*100 -> 216.1914 | K113: =+H113*(1-I113) -> 237.28341 | L113: =+L112 -> 134.93063 | M113: =+M112 -> 207.19615
A114: 37377 | B114: M | C114: 136 | D114: =SOJA!D114 -> 3.4422727 | E114: =SOJA!E114 -> 1.318933 | F114: =+(C114*(D114/E114))/(AVERAGE(C$109)*AVERAGE(D$109)/AVERAGE(E$109))*100 -> 323.39441 | G114: =+E114/AVERAGE(E$2:E$13) -> 1.318933 | H114: =+(C114*D114)/G114 -> 354.94533 | I114: =+I113 -> 0.2 | J114: =+F114*(1-I114)/(F$109*(1-I$109))*100 -> 258.71552 | K114: =+H114*(1-I114) -> 283.95626 | L114: =+L113 -> 134.93063 | M114: =+M113 -> 207.19615
A115: 37408 | B115: J | C115: 152 | D115: =SOJA!D115 -> 3.7165 | E115: =SOJA!E115 -> 1.3666854 | F115: =+(C115*(D115/E115))/(AVERAGE(C$109)*AVERAGE(D$109)/AVERAGE(E$109))*100 -> 376.59991 | G115: =+E115/AVERAGE(E$2:E$13) -> 1.3666854 | H115: =+(C115*D115)/G115 -> 413.34165 | I115: =+I114 -> 0.2 | J115: =+F115*(1-I115)/(F$109*(1-I$109))*100 -> 301.27993 | K115: =+H115*(1-I115) -> 330.67332 | L115: =+L114 -> 134.93063 | M115: =+M114 -> 207.19615
A116: 37438 | B116: J | C116: 169 | D116: =SOJA!D116 -> 3.6730435 | E116: =SOJA!E116 -> 1.4102528 | F116: =+(C116*(D116/E116))/(AVERAGE(C$109)*AVERAGE(D$109)/AVERAGE(E$109))*100 -> 401.03922 | G116: =+E116/AVERAGE(E$2:E$13) -> 1.4102528 | H116: =+(C116*D116)/G116 -> 440.1653 | I116: =+I115 -> 0.2 | J116: =+F116*(1-I116)/(F$109*(1-I$109))*100 -> 320.83138 | K116: =+H116*(1-I116) -> 352.13224 | L116: =+L115 -> 134.93063 | M116: =+M115 -> 207.19615
A117: 37469 | B117: A | C117: 180 | D117: =SOJA!D117 -> 3.6519048 | E117: =SOJA!E117 -> 1.4433039 | F117: =+(C117*(D117/E117))/(AVERAGE(C$109)*AVERAGE(D$109)/AVERAGE(E$109))*100 -> 414.95901 | G117: =+E117/AVERAGE(E$2:E$13) -> 1.4433039 | H117: =+(C117*D117)/G117 -> 455.44313 | I117: =+I116 -> 0.2 | J117: =+F117*(1-I117)/(F$109*(1-I$109))*100 -> 331.96721 | K117: =+H117*(1-I117) -> 364.35451 | L117: =+L116 -> 134.93063 | M117: =+M116 -> 207.19615
A118: 37500 | B118: S | C118: 196 | D118: =SOJA!D118 -> 3.677619 | E118: =SOJA!E118 -> 1.4627268 | F118: =+(C118*(D118/E118))/(AVERAGE(C$109)*AVERAGE(D$109)/AVERAGE(E$109))*100 -> 448.98376 | G118: =+E118/AVERAGE(E$2:E$13) -> 1.4627268 | H118: =+(C118*D118)/G118 -> 492.78739 | I118: =+I117 -> 0.2 | J118: =+F118*(1-I118)/(F$109*(1-I$109))*100 -> 359.18701 | K118: =+H118*(1-I118) -> 394.22991 | L118: =+L117 -> 134.93063 | M118: =+M117 -> 207.19615
A119: 37530 | B119: O | C119: 184 | D119: =SOJA!D119 -> 3.683913 | E119: =SOJA!E119 -> 1.4659461 | F119: =+(C119*(D119/E119))/(AVERAGE(C$109)*AVERAGE(D$109)/AVERAGE(E$109))*100 -> 421.28912 | G119: =+E119/AVERAGE(E$2:E$13) -> 1.4659461 | H119: =+(C119*D119)/G119 -> 462.39081 | I119: =+I118 -> 0.2 | J119: =+F119*(1-I119)/(F$109*(1-I$109))*100 -> 337.03129 | K119: =+H119*(1-I119) -> 369.91265 | L119: =+L118 -> 134.93063 | M119: =+M118 -> 207.19615
A120: 37561 | B120: N | C120: 141 | D120: =SOJA!D120 -> 3.5647619 | E120: =SOJA!E120 -> 1.4734577 | F120: =+(C120*(D120/E120))/(AVERAGE(C$109)*AVERAGE(D$109)/AVERAGE(E$109))*100 -> 310.80143 | G120: =+E120/AVERAGE(E$2:E$13) -> 1.4734577 | H120: =+(C120*D120)/G120 -> 341.12376 | I120: =+I119 -> 0.2 | J120: =+F120*(1-I120)/(F$109*(1-I$109))*100 -> 248.64115 | K120: =+H120*(1-I120) -> 272.89901 | L120: =+L119 -> 134.93063 | M120: =+M119 -> 207.19615
A121: 37591 | B121: D-02 | C121: 130 | D121: =SOJA!D121 -> 3.5261905 | E121: =SOJA!E121 -> 1.4762477 | F121: =+(C121*(D121/E121))/(AVERAGE(C$109)*AVERAGE(D$109)/AVERAGE(E$109))*100 -> 282.91822 | G121: =+E121/AVERAGE(E$2:E$13) -> 1.4762477 | H121: =+(C121*D121)/G121 -> 310.52022 | I121: =+I120 -> 0.2 | J121: =+F121*(1-I121)/(F$109*(1-I$109))*100 -> 226.33458 | K121: =+H121*(1-I121) -> 248.41617 | L121: =+L120 -> 134.93063 | M121: =+M120 -> 207.19615
A122: 37622 | B122: E-03 | C122: 142 | D122: =SOJA!D122 -> 3.2840909 | E122: =SOJA!E122 -> 1.4956706 | F122: =+(C122*(D122/E122))/(AVERAGE(C$109)*AVERAGE(D$109)/AVERAGE(E$109))*100 -> 284.07865 | G122: =+E122/AVERAGE(E$2:E$13) -> 1.4956706 | H122: =+(C122*D122)/G122 -> 311.79385 | I122: =+I121 -> 0.2 | J122: =+F122*(1-I122)/(F$109*(1-I$109))*100 -> 227.26292 | K122: =+H122*(1-I122) -> 249.43508 | L122: =+L121 -> 134.93063 | M122: =+M121 -> 207.19615
A123: 37653 | B123: F | C123: 147 | D123: =SOJA!D123 -> 3.1925 | E123: =SOJA!E123 -> 1.504148 | F123: =+(C123*(D123/E123))/(AVERAGE(C$109)*AVERAGE(D$109)/AVERAGE(E$109))*100 -> 284.26848 | G123: =+E123/AVERAGE(E$2:E$13) -> 1.504148 | H123: =+(C123*D123)/G123 -> 312.0022 | I123: =+I122 -> 0.2 | J123: =+F123*(1-I123)/(F$109*(1-I$109))*100 -> 227.41478 | K123: =+H123*(1-I123) -> 249.60176 | L123: =+L122 -> 134.93063 | M123: =+M122 -> 207.19615
A124: 37681 | B124: M | C124: 151 | D124: =SOJA!D124 -> 3.097619 | E124: =SOJA!E124 -> 1.5129474 | F124: =+(C124*(D124/E124))/(AVERAGE(C$109)*AVERAGE(D$109)/AVERAGE(E$109))*100 -> 281.67751 | G124: =+E124/AVERAGE(E$2:E$13) -> 1.5129474 | H124: =+(C124*D124)/G124 -> 309.15846 | I124: =+I123 -> 0.2 | J124: =+F124*(1-I124)/(F$109*(1-I$109))*100 -> 225.34201 | K124: =+H124*(1-I124) -> 247.32677 | L124: =+L123 -> 134.93063 | M124: =+M123 -> 207.19615
A125: 37712 | B125: A | C125: 150 | D125: =SOJA!D125 -> 2.9180952 | E125: =SOJA!E125 -> 1.5138058 | F125: =+(C125*(D125/E125))/(AVERAGE(C$109)*AVERAGE(D$109)/AVERAGE(E$109))*100 -> 263.44599 | G125: =+E125/AVERAGE(E$2:E$13) -> 1.5138058 | H125: =+(C125*D125)/G125 -> 289.14824 | I125: =+I124 -> 0.2 | J125: =+F125*(1-I125)/(F$109*(1-I$109))*100 -> 210.75679 | K125: =+H125*(1-I125) -> 231.31859 | L125: =+L124 -> 134.93063 | M125: =+M124 -> 207.19615
... A179: 39356 | B179: O | C179: 274 | D179: =SOJA!D179 -> 3.1804348 | E179: =SOJA!E179 -> 2.2659172 | F179: =+(C179*(D179/E179))/(AVERAGE(C$109)*AVERAGE(D$109)/AVERAGE(E$109))*100 -> 350.39998 | G179: =+E179/AVERAGE(E$2:E$13) -> 2.2659172 | H179: =+(C179*D179)/G179 -> 384.58561 | I179: =+I178 -> 0.2 | J179: =+F179*(1-I179)/(F$109*(1-I$109))*100 -> 280.31998 | K179: =+H179*(1-I179) -> 307.66849 | L179: =+L178 -> 134.93063 | M179: =+M178 -> 207.19615
A180: 39387 | B180: N | C180: 293 | D180: =SOJA!D180 -> 3.1514773 | E180: =SOJA!E180 -> 2.3177439 | F180: =+(C180*(D180/E180))/(AVERAGE(C$109)*AVERAGE(D$109)/AVERAGE(E$109))*100 -> 362.98392 | G180: =+E180/AVERAGE(E$2:E$13) -> 2.3177439 | H180: =+(C180*D180)/G180 -> 398.39727 | I180: 0.28 | J180: =+F180*(1-I180)/(F$109*(1-I$109))*100 -> 261.34843 | K180: =+H180*(1-I180) -> 286.84603 | L180: =+L179 -> 134.93063 | M180: =+M179 -> 207.19615
A181: 39417 | B181: D-07 | C181: 296 | D181: =SOJA!D181 -> 3.1575 | E181: =SOJA!E181 -> 2.3923771 | F181: =+(C181*(D181/E181))/(AVERAGE(C$109)*AVERAGE(D$109)/AVERAGE(E$109))*100 -> 355.93974 | G181: =+E181/AVERAGE(E$2:E$13) -> 2.3923771 | H181: =+(C181*D181)/G181 -> 390.66583 | I181: =+I180 -> 0.28 | J181: =+F181*(1-I181)/(F$109*(1-I$109))*100 -> 256.27661 | K181: =+H181*(1-I181) -> 281.2794 | L181: =+L180 -> 134.93063 | M181: =+M180 -> 207.19615
A182: 39448 | B182: E-08 | C182: 314 | D182: =SOJA!D182 -> 3.1640476 | E182: =SOJA!E182 -> 2.4469229 | F182: =+(C182*(D182/E182))/(AVERAGE(C$109)*AVERAGE(D$109)/AVERAGE(E$109))*100 -> 369.93329 | G182: =+E182/AVERAGE(E$2:E$13) -> 2.4469229 | H182: =+(C182*D182)/G182 -> 406.02463 | I182: =+I181 -> 0.28 | J182: =+F182*(1-I182)/(F$109*(1-I$109))*100 -> 266.35197 | K182: =+H182*(1-I182) -> 292.33773 | L182: =+L181 -> 134.93063 | M182: =+M181 -> 207.19615
A183: 39479 | B183: F | C183: 345 | D183: =SOJA!D183 -> 3.1728571 | E183: =SOJA!E183 -> 2.4730875 | F183: =+(C183*(D183/E183))/(AVERAGE(C$109)*AVERAGE(D$109)/AVERAGE(E$109))*100 -> 403.27487 | G183: =+E183/AVERAGE(E$2:E$13) -> 2.4730875 | H183: =+(C183*D183)/G183 -> 442.61907 | I183: =+I182 -> 0.28 | J183: =+F183*(1-I183)/(F$109*(1-I$109))*100 -> 290.35791 | K183: =+H183*(1-I183) -> 318.68573 | L183: =+L182 -> 134.93063 | M183: =+M182 -> 207.19615
A184: 39508 | B184: M | C184: 347 | D184: =SOJA!D184 -> 3.1726667 | E184: =SOJA!E184 -> 2.5477943 | F184: =+(C184*(D184/E184))/(AVERAGE(C$109)*AVERAGE(D$109)/AVERAGE(E$109))*100 -> 393.69563 | G184: =+E184/AVERAGE(E$2:E$13) -> 2.5477943 | H184: =+(C184*D184)/G184 -> 432.10526 | I184: =+I183 -> 0.28 | J184: =+F184*(1-I184)/(F$109*(1-I$109))*100 -> 283.46085 | K184: =+H184*(1-I184) -> 311.11579 | L184: =+L183 -> 134.93063 | M184: =+M183 -> 207.19615
A185: 39539 | B185: A | C185: 372 | D185: =SOJA!D185 -> 3.1868182 | E185: =SOJA!E185 -> 2.6050694 | F185: =+(C185*(D185/E185))/(AVERAGE(C$109)*AVERAGE(D$109)/AVERAGE(E$109))*100 -> 414.62164 | G185: =+E185/AVERAGE(E$2:E$13) -> 2.6050694 | H185: =+(C185*D185)/G185 -> 455.07285 | I185: =+I184 -> 0.28 | J185: =+F185*(1-I185)/(F$109*(1-I$109))*100 -> 298.52758 | K185: =+H185*(1-I185) -> 327.65245 | L185: =+L184 -> 134.93063 | M185: =+M184 -> 207.19615
A186: 39569 | B186: M | C186: 353 | D186: =SOJA!D186 -> 3.183 | E186: =SOJA!E186 -> 2.661464 | F186: =+(C186*(D186/E186))/(AVERAGE(C$109)*AVERAGE(D$109)/AVERAGE(E$109))*100 -> 384.6465 | G186: =+E186/AVERAGE(E$2:E$13) -> 2.661464 | H186: =+(C186*D186)/G186 -> 422.17328 | I186: =+I185 -> 0.28 | J186: =+F186*(1-I186)/(F$109*(1-I$109))*100 -> 276.94548 | K186: =+H186*(1-I186) -> 303.96476 | L186: =+L185 -> 134.93063 | M186: =+M185 -> 207.19615
A187: 39600 | B187: J | C187: 356 | D187: =SOJA!D187 -> 3.0738095 | E187: =SOJA!E187 -> 2.6904331 | F187: =+(C187*(D187/E187))/(AVERAGE(C$109)*AVERAGE(D$109)/AVERAGE(E$109))*100 -> 370.57472 | G187: =+E187/AVERAGE(E$2:E$13) -> 2.6904331 | H187: =+(C187*D187)/G187 -> 406.72864 | I187: =+I186 -> 0.28 | J187: =+F187*(1-I187)/(F$109*(1-I$109))*100 -> 266.8138 | K187: =+H187*(1-I187) -> 292.84462 | L187: =+L186 -> 134.93063 | M187: =+M186 -> 207.19615
A188: 39630 | B188: J | C188: 331 | D188: =SOJA!D188 -> 3.0465217 | E188: =SOJA!E188 -> 2.7219237 | F188: =+(C188*(D188/E188))/(AVERAGE(C$109)*AVERAGE(D$109)/AVERAGE(E$109))*100 -> 337.54165 | G188: =+E188/AVERAGE(E$2:E$13) -> 2.7219237 | H188: =+(C188*D188)/G188 -> 370.4728 | I188: =+I187 -> 0.28 | J188: =+F188*(1-I188)/(F$109*(1-I$109))*100 -> 243.02999 | K188: =+H188*(1-I188) -> 266.74042 | L188: =+L187 -> 134.93063 | M188: =+M187 -> 207.19615
A189: 39661 | B189: A | C189: 304 | D189: =SOJA!D189 -> 3.0538095 | E189: =SOJA!E189 -> 2.7654872 | F189: =+(C189*(D189/E189))/(AVERAGE(C$109)*AVERAGE(D$109)/AVERAGE(E$109))*100 -> 305.85453 | G189: =+E189/AVERAGE(E$2:E$13) -> 2.7654872 | H189: =+(C189*D189)/G189 -> 335.69423 | I189: =+I188 -> 0.28 | J189: =+F189*(1-I189)/(F$109*(1-I$109))*100 -> 220.21526 | K189: =+H189*(1-I189) -> 241.69984 | L189: =+L188 -> 134.93063 | M189: =+M188 -> 207.19615
A190: 39692 | B190: S | C190: 282 | D190: =SOJA!D190 -> 3.0990909 | E190: =SOJA!E190 -> 2.7850999 | F190: =+(C190*(D190/E190))/(AVERAGE(C$109)*AVERAGE(D$109)/AVERAGE(E$109))*100 -> 285.8997 | G190: =+E190/AVERAGE(E$2:E$13) -> 2.7850999 | H190: =+(C190*D190)/G190 -> 313.79257 | I190: =+I189 -> 0.28 | J190: =+F190*(1-I190)/(F$109*(1-I$109))*100 -> 205.84778 | K190: =+H190*(1-I190) -> 225.93065 | L190: =+L189 -> 134.93063 | M190: =+M189 -> 207.19615
A191: 39722 | B191: O | C191: 233 | D191: =SOJA!D191 -> 3.2601957 | E191: =SOJA!E191 -> 2.8078338 | F191: =+(C191*(D191/E191))/(AVERAGE(C$109)*AVERAGE(D$109)/AVERAGE(E$109))*100 -> 246.48996 | G191: =+E191/AVERAGE(E$2:E$13) -> 2.8078338 | H191: =+(C191*D191)/G191 -> 270.53795 | I191: =+I190 -> 0.28 | J191: =+F191*(1-I191)/(F$109*(1-I$109))*100 -> 177.47277 | K191: =+H191*(1-I191) -> 194.78732 | L191: =+L190 -> 134.93063 | M191: =+M190 -> 207.19615
A192: 39753 | B192: N | C192: 188 | D192: =SOJA!D192 -> 3.3425 | E192: =SOJA!E192 -> 2.8257058 | F192: =+(C192*(D192/E192))/(AVERAGE(C$109)*AVERAGE(D$109)/AVERAGE(E$109))*100 -> 202.61583 | G192: =+E192/AVERAGE(E$2:E$13) -> 2.8257058 | H192: =+(C192*D192)/G192 -> 222.38338 | I192: =+I191 -> 0.28 | J192: =+F192*(1-I192)/(F$109*(1-I$109))*100 -> 145.88339 | K192: =+H192*(1-I192) -> 160.11603 | L192: =+L191 -> 134.93063 | M192: =+M191 -> 207.19615
... A276: 42309 | B276: N | C276: 208 | D276: =SOJA!D276 -> 9.6595714 | E276: =SOJA!E276 -> 13.872946 | F276: =+(C276*(D276/E276))/(AVERAGE(C$109)*AVERAGE(D$109)/AVERAGE(E$109))*100 -> 131.95429 | G276: =+E276/AVERAGE(E$2:E$13) -> 13.872946 | H276: =+(C276*D276)/G276 -> 144.82798 | I276: =+I275 -> 0.28 | J276: =+F276*(1-I276)/(F$109*(1-I$109))*100 -> 95.007091 | K276: =+H276*(1-I276) -> 104.27615 | L276: =+L275 -> 134.93063 | M276: =+M275 -> 207.19615
A277: 42339 | B277: D-15 | C277: 192 | D277: =SOJA!D277 -> 11.468809 | E277: =SOJA!E277 -> 14.416338 | F277: =+(C277*(D277/E277))/(AVERAGE(C$109)*AVERAGE(D$109)/AVERAGE(E$109))*100 -> 139.1668 | G277: =+E277/AVERAGE(E$2:E$13) -> 14.416338 | H277: =+(C277*D277)/G277 -> 152.74415 | I277: 0.14 | J277: =+F277*(1-I277)/(F$109*(1-I$109))*100 -> 119.68344 | K277: =+H277*(1-I277) -> 131.35997 | L277: =+L276 -> 134.93063 | M277: =+M276 -> 207.19615
A278: 42370 | B278: E-16 | C278: 192 | D278: =SOJA!D278 -> 13.6548 | E278: =SOJA!E278 -> 15.012796 | F278: =+(C278*(D278/E278))/(AVERAGE(C$109)*AVERAGE(D$109)/AVERAGE(E$109))*100 -> 159.10947 | G278: =+E278/AVERAGE(E$2:E$13) -> 15.012796 | H278: =+(C278*D278)/G278 -> 174.63247 | I278: 0 | J278: =+F278*(1-I278)/(F$109*(1-I$109))*100 -> 159.10947 | K278: =+H278*(1-I278) -> 174.63247 | L278: =+L277 -> 134.93063 | M278: =+M277 -> 207.19615
A279: 42401 | B279: F | C279: 193 | D279: =SOJA!D279 -> 14.8146 | E279: =SOJA!E279 -> 15.608723 | F279: =+(C279*(D279/E279))/(AVERAGE(C$109)*AVERAGE(D$109)/AVERAGE(E$109))*100 -> 166.89791 | G279: =+E279/AVERAGE(E$2:E$13) -> 15.608723 | H279: =+(C279*D279)/G279 -> 183.18076 | I279: 0 | J279: =+F279*(1-I279)/(F$109*(1-I$109))*100 -> 166.89791 | K279: =+H279*(1-I279) -> 183.18076 | L279: =+L278 -> 134.93063 | M279: =+M278 -> 207.19615
A280: 42430 | B280: M | C280: 193 | D280: =SOJA!D280 -> 14.9615 | E280: =SOJA!E280 -> 16.126644 | F280: =+(C280*(D280/E280))/(AVERAGE(C$109)*AVERAGE(D$109)/AVERAGE(E$109))*100 -> 163.13964 | G280: =+E280/AVERAGE(E$2:E$13) -> 16.126644 | H280: =+(C280*D280)/G280 -> 179.05583 | I280: 0 | J280: =+F280*(1-I280)/(F$109*(1-I$109))*100 -> 163.13964 | K280: =+H280*(1-I280) -> 179.05583 | L280: =+L279 -> 134.93063 | M280: =+M279 -> 207.19615
A281: 42461 | B281: A | C281: 199 | D281: =SOJA!D281 -> 14.4095 | E281: =SOJA!E281 -> 17.182119 | F281: =+(C281*(D281/E281))/(AVERAGE(C$109)*AVERAGE(D$109)/AVERAGE(E$109))*100 -> 152.05346 | G281: =+E281/AVERAGE(E$2:E$13) -> 17.182119 | H281: =+(C281*D281)/G281 -> 166.88806 | I281: 0 | J281: =+F281*(1-I281)/(F$109*(1-I$109))*100 -> 152.05346 | K281: =+H281*(1-I281) -> 166.88806 | L281: =+L280 -> 134.93063 | M281: =+M280 -> 207.19615
A282: 42491 | B282: M | C282: 204 | D282: =SOJA!D282 -> 14.137724 | E282: =SOJA!E282 -> 17.902634 | F282: =+(C282*(D282/E282))/(AVERAGE(C$109)*AVERAGE(D$109)/AVERAGE(E$109))*100 -> 146.77895 | G282: =+E282/AVERAGE(E$2:E$13) -> 17.902634 | H282: =+(C282*D282)/G282 -> 161.09896 | I282: 0 | J282: =+F282*(1-I282)/(F$109*(1-I$109))*100 -> 146.77895 | K282: =+H282*(1-I282) -> 161.09896 | L282: =+L281 -> 134.93063 | M282: =+M281 -> 207.19615
A283: 42522 | B283: J | C283: 210 | D283: =SOJA!D283 -> 14.1408 | E283: =SOJA!E283 -> 18.453286 | F283: =+(C283*(D283/E283))/(AVERAGE(C$109)*AVERAGE(D$109)/AVERAGE(E$109))*100 -> 146.61912 | G283: =+E283/AVERAGE(E$2:E$13) -> 18.453286 | H283: =+(C283*D283)/G283 -> 160.92353 | I283: 0 | J283: =+F283*(1-I283)/(F$109*(1-I$109))*100 -> 146.61912 | K283: =+H283*(1-I283) -> 160.92353 | L283: =+L282 -> 134.93063 | M283: =+M282 -> 207.19615
A284: 42552 | B284: J | C284: 211 | D284: =SOJA!D284 -> 14.909385 | E284: =SOJA!E284 -> 18.830984 | F284: =+(C284*(D284/E284))/(AVERAGE(C$109)*AVERAGE(D$109)/AVERAGE(E$109))*100 -> 152.20896 | G284: =+E284/AVERAGE(E$2:E$13) -> 18.830984 | H284: =+(C284*D284)/G284 -> 167.05873 | I284: 0 | J284: =+F284*(1-I284)/(F$109*(1-I$109))*100 -> 152.20896 | K284: =+H284*(1-I284) -> 167.05873 | L284: =+L283 -> 134.93063 | M284: =+M283 -> 207.19615
A285: 42583 | B285: A | C285: 215 | D285: =SOJA!D285 -> 14.849809 | E285: =SOJA!E285 -> 18.869025 | F285: =+(C285*(D285/E285))/(AVERAGE(C$109)*AVERAGE(D$109)/AVERAGE(E$109))*100 -> 154.16327 | G285: =+E285/AVERAGE(E$2:E$13) -> 18.869025 | H285: =+(C285*D285)/G285 -> 169.20371 | I285: 0 | J285: =+F285*(1-I285)/(F$109*(1-I$109))*100 -> 154.16327 | K285: =+H285*(1-I285) -> 169.20371 | L285: =+L284 -> 134.93063 | M285: =+M284 -> 207.19615
A286: 42614 | B286: S | C286: 201 | D286: =SOJA!D286 -> 15.100736 | E286: =SOJA!E286 -> 19.085846 | F286: =+(C286*(D286/E286))/(AVERAGE(C$109)*AVERAGE(D$109)/AVERAGE(E$109))*100 -> 144.89514 | G286: =+E286/AVERAGE(E$2:E$13) -> 19.085846 | H286: =+(C286*D286)/G286 -> 159.03136 | I286: 0 | J286: =+F286*(1-I286)/(F$109*(1-I$109))*100 -> 144.89514 | K286: =+H286*(1-I286) -> 159.03136 | L286: =+L285 -> 134.93063 | M286: =+M285 -> 207.19615
A287: 42644 | B287: O | C287: 183 | D287: =SOJA!D287 -> 15.181 | E287: =SOJA!E287 -> 19.536155 | F287: =+(C287*(D287/E287))/(AVERAGE(C$109)*AVERAGE(D$109)/AVERAGE(E$109))*100 -> 129.56372 | G287: =+E287/AVERAGE(E$2:E$13) -> 19.536155 | H287: =+(C287*D287)/G287 -> 142.20418 | I287: 0 | J287: =+F287*(1-I287)/(F$109*(1-I$109))*100 -> 129.56372 | K287: =+H287*(1-I287) -> 142.20418 | L287: =+L286 -> 134.93063 | M287: =+M286 -> 207.19615
A288: 42675 | B288: N | C288: 176 | D288: =SOJA!D288 -> 15.3399 | E288: =SOJA!E288 -> 19.85234 | F288: =+(C288*(D288/E288))/(AVERAGE(C$109)*AVERAGE(D$109)/AVERAGE(E$109))*100 -> 123.90662 | G288: =+E288/AVERAGE(E$2:E$13) -> 19.85234 | H288: =+(C288*D288)/G288 -> 135.99517 | I288: 0 | J288: =+F288*(1-I288)/(F$109*(1-I$109))*100 -> 123.90662 | K288: =+H288*(1-I288) -> 135.99517 | L288: =+L287 -> 134.93063 | M288: =+M287 -> 207.19615
... A309: 43313 | B309: A | C309: 252 | D309: =SOJA!D309 -> 30.1245 | E309: =SOJA!E309 -> 31.150003 | F309: =+(C309*(D309/E309))/(AVERAGE(C$109)*AVERAGE(D$109)/AVERAGE(E$109))*100 -> 222.04108 | G309: =+E309/AVERAGE(E$2:E$13) -> 31.150003 | H309: =+(C309*D309)/G309 -> 243.7038 | I309: 0 | J309: =+F309*(1-I309)/(F$109*(1-I$109))*100 -> 222.04108 | K309: =+H309*(1-I309) -> 243.7038 | L309: =+L308 -> 134.93063 | M309: =+M308 -> 207.19615
A310: 43344 | B310: S | C310: 243 | D310: =SOJA!D310 -> 38.59 | E310: =SOJA!E310 -> 33.174753 | F310: =+(C310*(D310/E310))/(AVERAGE(C$109)*AVERAGE(D$109)/AVERAGE(E$109))*100 -> 257.53982 | G310: =+E310/AVERAGE(E$2:E$13) -> 33.174753 | H310: =+(C310*D310)/G310 -> 282.66585 | I310: =4/D310 -> 0.1036538 | J310: =+F310*(1-I310)/(F$109*(1-I$109))*100 -> 230.84484 | K310: =+H310*(1-I310) -> 253.36647 | L310: =+L309 -> 134.93063 | M310: =+M309 -> 207.19615
A311: 43374 | B311: O | C311: 242 | D311: =SOJA!D311 -> 37.1202 | E311: =SOJA!E311 -> 34.96619 | F311: =+(C311*(D311/E311))/(AVERAGE(C$109)*AVERAGE(D$109)/AVERAGE(E$109))*100 -> 234.07143 | G311: =+E311/AVERAGE(E$2:E$13) -> 34.96619 | H311: =+(C311*D311)/G311 -> 256.90784 | I311: =4/D311 -> 0.10775804 | J311: =+F311*(1-I311)/(F$109*(1-I$109))*100 -> 208.84835 | K311: =+H311*(1-I311) -> 229.22396 | L311: =+L310 -> 134.93063 | M311: =+M310 -> 207.19615
A312: 43405 | B312: N | C312: 238 | D312: =SOJA!D312 -> 36.459 | E312: =SOJA!E312 -> 36.085108 | F312: =+(C312*(D312/E312))/(AVERAGE(C$109)*AVERAGE(D$109)/AVERAGE(E$109))*100 -> 219.0911 | G312: =+E312/AVERAGE(E$2:E$13) -> 36.085108 | H312: =+(C312*D312)/G312 -> 240.46601 | I312: =4/D312 -> 0.10971228 | J312: =+F312*(1-I312)/(F$109*(1-I$109))*100 -> 195.05412 | K312: =+H312*(1-I312) -> 214.08394 | L312: =+L311 -> 134.93063 | M312: =+M311 -> 207.19615
A313: 43435 | B313: D-18 | C313: 240 | D313: =SOJA!D313 -> 37.8852 | E313: =SOJA!E313 -> 37.023321 | F313: =+(C313*(D313/E313))/(AVERAGE(C$109)*AVERAGE(D$109)/AVERAGE(E$109))*100 -> 223.75693 | G313: =+E313/AVERAGE(E$2:E$13) -> 37.023321 | H313: =+(C313*D313)/G313 -> 245.58705 | I313: =4/D313 -> 0.10558213 | J313: =+F313*(1-I313)/(F$109*(1-I$109))*100 -> 200.1322 | K313: =+H313*(1-I313) -> 219.65744 | L313: =+L312 -> 134.93063 | M313: =+M312 -> 207.19615
A314: 43466 | B314: E-19 | C314: 242 | D314: =SOJA!D314 -> 37.4069 | E314: =SOJA!E314 -> 38.096997 | F314: =+(C314*(D314/E314))/(AVERAGE(C$109)*AVERAGE(D$109)/AVERAGE(E$109))*100 -> 216.49476 | G314: =+E314/AVERAGE(E$2:E$13) -> 38.096997 | H314: =+(C314*D314)/G314 -> 237.61636 | I314: =4/D314 -> 0.10693214 | J314: =+F314*(1-I314)/(F$109*(1-I$109))*100 -> 193.34451 | K314: =+H314*(1-I314) -> 212.20753 | L314: =+L313 -> 134.93063 | M314: =+M313 -> 207.19615
A315: 43497 | B315: F | C315: 237 | D315: =SOJA!D315 -> 38.4086 | E315: =SOJA!E315 -> 39.544683 | F315: =+(C315*(D315/E315))/(AVERAGE(C$109)*AVERAGE(D$109)/AVERAGE(E$109))*100 -> 209.72962 | G315: =+E315/AVERAGE(E$2:E$13) -> 39.544683 | H315: =+(C315*D315)/G315 -> 230.1912 | I315: =4/D315 -> 0.10414334 | J315: =+F315*(1-I315)/(F$109*(1-I$109))*100 -> 187.88767 | K315: =+H315*(1-I315) -> 206.21832 | L315: =+L314 -> 134.93063 | M315: =+M314 -> 207.19615
A316: 43525 | B316: M | C316: 224 | D316: =SOJA!D316 -> 41.3624 | E316: =SOJA!E316 -> 41.403283 | F316: =+(C316*(D316/E316))/(AVERAGE(C$109)*AVERAGE(D$109)/AVERAGE(E$109))*100 -> 203.88722 | G316: =+E316/AVERAGE(E$2:E$13) -> 41.403283 | H316: =+(C316*D316)/G316 -> 223.77881 | I316: =4/D316 -> 0.096706187 | J316: =+F316*(1-I316)/(F$109*(1-I$109))*100 -> 184.17007 | K316: =+H316*(1-I316) -> 202.13802 | L316: =+L315 -> 134.93063 | M316: =+M315 -> 207.19615
A317: 43556 | B317: A | C317: 217 | D317: =SOJA!D317 -> 43.2338 | E317: =SOJA!E317 -> 42.810995 | F317: =+(C317*(D317/E317))/(AVERAGE(C$109)*AVERAGE(D$109)/AVERAGE(E$109))*100 -> 199.66359 | G317: =+E317/AVERAGE(E$2:E$13) -> 42.810995 | H317: =+(C317*D317)/G317 -> 219.14311 | I317: =4/D317 -> 0.092520204 | J317: =+F317*(1-I317)/(F$109*(1-I$109))*100 -> 181.19067 | K317: =+H317*(1-I317) -> 198.86795 | L317: =+L316 -> 134.93063 | M317: =+M316 -> 207.19615
A318: 43586 | B318: M | C318: 214 | D318: =SOJA!D318 -> 44.9332 | E318: =SOJA!E318 -> 44.138136 | F318: =+(C318*(D318/E318))/(AVERAGE(C$109)*AVERAGE(D$109)/AVERAGE(E$109))*100 -> 198.48979 | G318: =+E318/AVERAGE(E$2:E$13) -> 44.138136 | H318: =+(C318*D318)/G318 -> 217.8548 | I318: =4/D318 -> 0.089021036 | J318: =+F318*(1-I318)/(F$109*(1-I$109))*100 -> 180.82003 | K318: =+H318*(1-I318) -> 198.46114 | L318: =+L317 -> 134.93063 | M318: =+M317 -> 207.19615
A319: 43617 | B319: J | C319: 232 | D319: =SOJA!D319 -> 43.7894 | E319: =SOJA!E319 -> 45.329865 | F319: =+(C319*(D319/E319))/(AVERAGE(C$109)*AVERAGE(D$109)/AVERAGE(E$109))*100 -> 204.19429 | G319: =+E319/AVERAGE(E$2:E$13) -> 45.329865 | H319: =+(C319*D319)/G319 -> 224.11584 | I319: =4/D319 -> 0.091346308 | J319: =+F319*(1-I319)/(F$109*(1-I$109))*100 -> 185.5419 | K319: =+H319*(1-I319) -> 203.64368 | L319: =+L318 -> 134.93063 | M319: =+M318 -> 207.19615
A320: 43647 | B320: J | C320: 228 | D320: =SOJA!D320 -> 42.5434 | E320: =SOJA!E320 -> 46.327122 | F320: =+(C320*(D320/E320))/(AVERAGE(C$109)*AVERAGE(D$109)/AVERAGE(E$109))*100 -> 190.76678 | G320: =+E320/AVERAGE(E$2:E$13) -> 46.327122 | H320: =+(C320*D320)/G320 -> 209.37832 | I320: =4/D320 -> 0.094021634 | J320: =+F320*(1-I320)/(F$109*(1-I$109))*100 -> 172.83058 | K320: =+H320*(1-I320) -> 189.69223 | L320: =+L319 -> 134.93063 | M320: =+M319 -> 207.19615
A321: 43678 | B321: A | C321: 213 | D321: =SOJA!D321 -> 52.7271 | E321: =SOJA!E321 -> 48.180207 | F321: =+(C321*(D321/E321))/(AVERAGE(C$109)*AVERAGE(D$109)/AVERAGE(E$109))*100 -> 212.3811 | G321: =+E321/AVERAGE(E$2:E$13) -> 48.180207 | H321: =+(C321*D321)/G321 -> 233.10137 | I321: =4/D321 -> 0.075862317 | J321: =+F321*(1-I321)/(F$109*(1-I$109))*100 -> 196.26938 | K321: =+H321*(1-I321) -> 215.41776 | L321: =+L320 -> 134.93063 | M321: =+M320 -> 207.19615
... A324: 43770 | B324: N | C324: 225 | D324: =SOJA!D324 -> 59.7381 | E324: =SOJA!E324 -> 54.972977 | F324: =+(C324*(D324/E324))/(AVERAGE(C$109)*AVERAGE(D$109)/AVERAGE(E$109))*100 -> 222.76949 | G324: =+E324/AVERAGE(E$2:E$13) -> 54.972977 | H324: =+(C324*D324)/G324 -> 244.50327 | I324: =4/D324 -> 0.066958942 | J324: =+F324*(1-I324)/(F$109*(1-I$109))*100 -> 207.85308 | K324: =+H324*(1-I324) -> 228.13159 | L324: =+L323 -> 134.93063 | M324: =+M323 -> 207.19615
A325: 43800 | B325: D-19 | C325: 204.78947 | D325: =SOJA!D325 -> 59.8832 | E325: =SOJA!E325 -> 57.006977 | F325: =+(C325*(D325/E325))/(AVERAGE(C$109)*AVERAGE(D$109)/AVERAGE(E$109))*100 -> 195.99982 | G325: =+E325/AVERAGE(E$2:E$13) -> 57.006977 | H325: =+(C325*D325)/G325 -> 215.1219 | I325: 0.12 | J325: =+F325*(1-I325)/(F$109*(1-I$109))*100 -> 172.47984 | K325: =+H325*(1-I325) -> 189.30727 | L325: =+L324 -> 134.93063 | M325: =+M324 -> 207.19615
A326: 43831 | B326: E-20 | C326: 244 | D326: =SOJA!D326 -> 60.011 | E326: =SOJA!E326 -> 58.318137 | F326: =+(C326*(D326/E326))/(AVERAGE(C$109)*AVERAGE(D$109)/AVERAGE(E$109))*100 -> 228.76421 | G326: =+E326/AVERAGE(E$2:E$13) -> 58.318137 | H326: =+(C326*D326)/G326 -> 251.08285 | I326: 0.12 | J326: =+F326*(1-I326)/(F$109*(1-I$109))*100 -> 201.31251 | K326: =+H326*(1-I326) -> 220.95291 | L326: =+L325 -> 134.93063 | M326: =+M325 -> 207.19615
A327: 43862 | B327: F | C327: 235 | D327: =SOJA!D327 -> 61.3484 | E327: =SOJA!E327 -> 59.4845 | F327: =+(C327*(D327/E327))/(AVERAGE(C$109)*AVERAGE(D$109)/AVERAGE(E$109))*100 -> 220.81996 | G327: =+E327/AVERAGE(E$2:E$13) -> 59.4845 | H327: =+(C327*D327)/G327 -> 242.36354 | I327: 0.12 | J327: =+F327*(1-I327)/(F$109*(1-I$109))*100 -> 194.32157 | K327: =+H327*(1-I327) -> 213.27992 | L327: =+L326 -> 134.93063 | M327: =+M326 -> 207.19615
A328: 43891 | B328: M | C328: 228 | D328: =SOJA!D328 -> 63.1227 | E328: =SOJA!E328 -> 61.447488 | F328: =+(C328*(D328/E328))/(AVERAGE(C$109)*AVERAGE(D$109)/AVERAGE(E$109))*100 -> 213.39651 | G328: =+E328/AVERAGE(E$2:E$13) -> 61.447488 | H328: =+(C328*D328)/G328 -> 234.21585 | I328: 0.12 | J328: =+F328*(1-I328)/(F$109*(1-I$109))*100 -> 187.78893 | K328: =+H328*(1-I328) -> 206.10995 | L328: =+L327 -> 134.93063 | M328: =+M327 -> 207.19615
A329: 43922 | B329: A | C329: 236 | D329: =SOJA!D329 -> 65.762 | E329: =SOJA!E329 -> 62.369201 | F329: =+(C329*(D329/E329))/(AVERAGE(C$109)*AVERAGE(D$109)/AVERAGE(E$109))*100 -> 226.71898 | G329: =+E329/AVERAGE(E$2:E$13) -> 62.369201 | H329: =+(C329*D329)/G329 -> 248.83808 | I329: 0.12 | J329: =+F329*(1-I329)/(F$109*(1-I$109))*100 -> 199.5127 | K329: =+H329*(1-I329) -> 218.97751 | L329: =+L328 -> 134.93063 | M329: =+M328 -> 207.19615
A330: 43952 | B330: M | C330: 229 | D330: =SOJA!D330 -> 67.7255 | E330: =SOJA!E330 -> 63.304739 | F330: =+(C330*(D330/E330))/(AVERAGE(C$109)*AVERAGE(D$109)/AVERAGE(E$109))*100 -> 223.21456 | G330: =+E330/AVERAGE(E$2:E$13) -> 63.304739 | H330: =+(C330*D330)/G330 -> 244.99176 | I330: 0.12 | J330: =+F330*(1-I330)/(F$109*(1-I$109))*100 -> 196.42881 | K330: =+H330*(1-I330) -> 215.59275 | L330: =+L329 -> 134.93063 | M330: =+M329 -> 207.19615
A331: 43983 | B331: J | C331: 224 | D331: =SOJA!D331 -> 69.5407 | E331: =SOJA!E331 -> 64.697443 | F331: =+(C331*(D331/E331))/(AVERAGE(C$109)*AVERAGE(D$109)/AVERAGE(E$109))*100 -> 219.36685 | G331: =+E331/AVERAGE(E$2:E$13) -> 64.697443 | H331: =+(C331*D331)/G331 -> 240.76866 | I331: 0.12 | J331: =+F331*(1-I331)/(F$109*(1-I$109))*100 -> 193.04283 | K331: =+H331*(1-I331) -> 211.87642 | L331: =+L330 -> 134.93063 | M331: =+M330 -> 207.19615
A332: 44013 | B332: J | C332: 222 | D332: =SOJA!D332 -> 71.4749 | E332: =SOJA!E332 -> 65.926694 | F332: =+(C332*(D332/E332))/(AVERAGE(C$109)*AVERAGE(D$109)/AVERAGE(E$109))*100 -> 219.28871 | G332: =+E332/AVERAGE(E$2:E$13) -> 65.926694 | H332: =+(C332*D332)/G332 -> 240.6829 | I332: 0.12 | J332: =+F332*(1-I332)/(F$109*(1-I$109))*100 -> 192.97406 | K332: =+H332*(1-I332) -> 211.80095 | L332: =+L331 -> 134.93063 | M332: =+M331 -> 207.19615
A333: 44044 | B333: A | C333: 204 | D333: =SOJA!D333 -> 73.293 | E333: =SOJA!E333 -> 67.706715 | F333: =+(C333*(D333/E333))/(AVERAGE(C$109)*AVERAGE(D$109)/AVERAGE(E$109))*100 -> 201.20185 | G333: =+E333/AVERAGE(E$2:E$13) -> 67.706715 | H333: =+(C333*D333)/G333 -> 220.83145 | I333: 0.12 | J333: =+F333*(1-I333)/(F$109*(1-I$109))*100 -> 177.05763 | K333: =+H333*(1-I333) -> 194.33167 | L333: =+L332 -> 134.93063 | M333: =+M332 -> 207.19615
A334: 44075 | B334: S | C334: 224 | D334: =SOJA!D334 -> 75.1986 | E334: =SOJA!E334 -> 69.602503 | F334: =+(C334*(D334/E334))/(AVERAGE(C$109)*AVERAGE(D$109)/AVERAGE(E$109))*100 -> 220.49765 | G334: =+E334/AVERAGE(E$2:E$13) -> 69.602503 | H334: =+(C334*D334)/G334 -> 242.00978 | I334: 0.12 | J334: =+F334*(1-I334)/(F$109*(1-I$109))*100 -> 194.03793 | K334: =+H334*(1-I334) -> 212.96861 | L334: =+L333 -> 134.93063 | M334: =+M333 -> 207.19615
A335: 44105 | B335: O | C335: 270 | D335: =SOJA!D335 -> 77.5693 | E335: =SOJA!E335 -> 72.247398 | F335: =+(C335*(D335/E335))/(AVERAGE(C$109)*AVERAGE(D$109)/AVERAGE(E$109))*100 -> 264.12072 | G335: =+E335/AVERAGE(E$2:E$13) -> 72.247398 | H335: =+(C335*D335)/G335 -> 289.88879 | I335: 0.12 | J335: =+F335*(1-I335)/(F$109*(1-I$109))*100 -> 232.42623 | K335: =+H335*(1-I335) -> 255.10214 | L335: =+L334 -> 134.93063 | M335: =+M334 -> 207.19615
A336: 44136 | B336: N | C336: 277 | D336: =SOJA!D336 -> 79.9332 | E336: =SOJA!E336 -> 74.559315 | F336: =+(C336*(D336/E336))/(AVERAGE(C$109)*AVERAGE(D$109)/AVERAGE(E$109))*100 -> 270.56779 | G336: =+E336/AVERAGE(E$2:E$13) -> 74.559315 | H336: =+(C336*D336)/G336 -> 296.96486 | I336: 0.12 | J336: =+F336*(1-I336)/(F$109*(1-I$109))*100 -> 238.09966 | K336: =+H336*(1-I336) -> 261.32907 | L336: =+L335 -> 134.93063 | M336: =+M335 -> 207.19615
... A347: 44470 | B347: O | C347: 302 | D347: =SOJA!D347 -> 99.2491 | E347: =SOJA!E347 -> 109.89101 | F347: =+(C347*(D347/E347))/(AVERAGE(C$109)*AVERAGE(D$109)/AVERAGE(E$109))*100 -> 248.50916 | G347: =+E347/AVERAGE(E$2:E$13) -> 109.89101 | H347: =+(C347*D347)/G347 -> 272.75414 | I347: 0.12 | J347: =+F347*(1-I347)/(F$109*(1-I$109))*100 -> 218.68806 | K347: =+H347*(1-I347) -> 240.02365 | L347: =+L346 -> 134.93063 | M347: =+M346 -> 207.19615
A348: 44501 | B348: N | C348: 314 | D348: =SOJA!D348 -> 100.3101 | E348: =SOJA!E348 -> 112.63829 | F348: =+(C348*(D348/E348))/(AVERAGE(C$109)*AVERAGE(D$109)/AVERAGE(E$109))*100 -> 254.77647 | G348: =+E348/AVERAGE(E$2:E$13) -> 112.63829 | H348: =+(C348*D348)/G348 -> 279.63291 | I348: =+I347 -> 0.12 | J348: =+F348*(1-I348)/(F$109*(1-I$109))*100 -> 224.2033 | K348: =+H348*(1-I348) -> 246.07696 | L348: =+L347 -> 134.93063 | M348: =+M347 -> 207.19615
A349: 44531 | B349: D-21 | C349: 317 | D349: =SOJA!D349 -> 101.8885 | E349: =SOJA!E349 -> 116.91854 | F349: =+(C349*(D349/E349))/(AVERAGE(C$109)*AVERAGE(D$109)/AVERAGE(E$109))*100 -> 251.69355 | G349: =+E349/AVERAGE(E$2:E$13) -> 116.91854 | H349: =+(C349*D349)/G349 -> 276.24921 | I349: =+I348 -> 0.12 | J349: =+F349*(1-I349)/(F$109*(1-I$109))*100 -> 221.49033 | K349: =+H349*(1-I349) -> 243.09931 | L349: =+L348 -> 134.93063 | M349: =+M348 -> 207.19615
A350: 44562 | B350: E-22 | C350: 304 | D350: =SOJA!D350 -> 103.9846 | E350: =SOJA!E350 -> 121.47836 | F350: =+(C350*(D350/E350))/(AVERAGE(C$109)*AVERAGE(D$109)/AVERAGE(E$109))*100 -> 237.09081 | G350: =+E350/AVERAGE(E$2:E$13) -> 121.47836 | H350: =+(C350*D350)/G350 -> 260.2218 | I350: =+I349 -> 0.12 | J350: =+F350*(1-I350)/(F$109*(1-I$109))*100 -> 208.63991 | K350: =+H350*(1-I350) -> 228.99518 | L350: =+L349 -> 134.93063 | M350: =+M349 -> 207.19615
A351: 44593 | B351: F | C351: 317 | D351: =SOJA!D351 -> 106.3071 | E351: =SOJA!E351 -> 127.18785 | F351: =+(C351*(D351/E351))/(AVERAGE(C$109)*AVERAGE(D$109)/AVERAGE(E$109))*100 -> 241.40539 | G351: =+E351/AVERAGE(E$2:E$13) -> 127.18785 | H351: =+(C351*D351)/G351 -> 264.95732 | I351: =+I350 -> 0.12 | J351: =+F351*(1-I351)/(F$109*(1-I$109))*100 -> 212.43674 | K351: =+H351*(1-I351) -> 233.16244 | L351: =+L350 -> 134.93063 | M351: =+M350 -> 207.19615
A352: 44621 | B352: M | C352: 410 | D352: =SOJA!D352 -> 109.4585 | E352: =SOJA!E352 -> 135.70943 | F352: =+(C352*(D352/E352))/(AVERAGE(C$109)*AVERAGE(D$109)/AVERAGE(E$109))*100 -> 301.29669 | G352: =+E352/AVERAGE(E$2:E$13) -> 135.70943 | H352: =+(C352*D352)/G352 -> 330.69172 | I352: =+I351 -> 0.12 | J352: =+F352*(1-I352)/(F$109*(1-I$109))*100 -> 265.14109 | K352: =+H352*(1-I352) -> 291.00871 | L352: =+L351 -> 134.93063 | M352: =+M351 -> 207.19615
A353: 44652 | B353: A | C353: 421 | D353: =SOJA!D353 -> 113.3345 | E353: =SOJA!E353 -> 143.852 | F353: =+(C353*(D353/E353))/(AVERAGE(C$109)*AVERAGE(D$109)/AVERAGE(E$109))*100 -> 302.20342 | G353: =+E353/AVERAGE(E$2:E$13) -> 143.852 | H353: =+(C353*D353)/G353 -> 331.68691 | I353: =+I352 -> 0.12 | J353: =+F353*(1-I353)/(F$109*(1-I$109))*100 -> 265.93901 | K353: =+H353*(1-I353) -> 291.88448 | L353: =+L352 -> 134.93063 | M353: =+M352 -> 207.19615
A354: 44682 | B354: M | C354: 465 | D354: =SOJA!D354 -> 117.7737 | E354: =SOJA!E354 -> 151.18845 | F354: =+(C354*(D354/E354))/(AVERAGE(C$109)*AVERAGE(D$109)/AVERAGE(E$109))*100 -> 330.03021 | G354: =+E354/AVERAGE(E$2:E$13) -> 151.18845 | H354: =+(C354*D354)/G354 -> 362.22853 | I354: =+I353 -> 0.12 | J354: =+F354*(1-I354)/(F$109*(1-I$109))*100 -> 290.42659 | K354: =+H354*(1-I354) -> 318.76111 | L354: =+L353 -> 134.93063 | M354: =+M353 -> 207.19615
A355: 44713 | B355: J | C355: 479 | D355: =SOJA!D355 -> 122.7357 | E355: =SOJA!E355 -> 159.20144 | F355: =+(C355*(D355/E355))/(AVERAGE(C$109)*AVERAGE(D$109)/AVERAGE(E$109))*100 -> 336.4577 | G355: =+E355/AVERAGE(E$2:E$13) -> 159.20144 | H355: =+(C355*D355)/G355 -> 369.2831 | I355: =+I354 -> 0.12 | J355: =+F355*(1-I355)/(F$109*(1-I$109))*100 -> 296.08278 | K355: =+H355*(1-I355) -> 324.96913 | L355: =+L354 -> 134.93063 | M355: =+M354 -> 207.19615
A356: 44743 | B356: J | C356: 425 | D356: =SOJA!D356 -> 128.4454 | E356: =SOJA!E356 -> 170.98234 | F356: =+(C356*(D356/E356))/(AVERAGE(C$109)*AVERAGE(D$109)/AVERAGE(E$109))*100 -> 290.88898 | G356: =+E356/AVERAGE(E$2:E$13) -> 170.98234 | H356: =+(C356*D356)/G356 -> 319.26861 | I356: =+I355 -> 0.12 | J356: =+F356*(1-I356)/(F$109*(1-I$109))*100 -> 255.9823 | K356: =+H356*(1-I356) -> 280.95638 | L356: =+L355 -> 134.93063 | M356: =+M355 -> 207.19615
A357: 44774 | B357: A | C357: 407 | D357: =SOJA!D357 -> 135.2903 | E357: =SOJA!E357 -> 182.95111 | F357: =+(C357*(D357/E357))/(AVERAGE(C$109)*AVERAGE(D$109)/AVERAGE(E$109))*100 -> 274.2187 | G357: =+E357/AVERAGE(E$2:E$13) -> 182.95111 | H357: =+(C357*D357)/G357 -> 300.97195 | I357: =+I356 -> 0.12 | J357: =+F357*(1-I357)/(F$109*(1-I$109))*100 -> 241.31246 | K357: =+H357*(1-I357) -> 264.85532 | L357: =+L356 -> 134.93063 | M357: =+M356 -> 207.19615
A358: 44805 | B358: S | C358: 402 | D358: =SOJA!D358 -> 200 | E358: =SOJA!E358 -> 194.29408 | F358: =+(C358*(D358/E358))/(AVERAGE(C$109)*AVERAGE(D$109)/AVERAGE(E$109))*100 -> 377.02273 | G358: =+E358/AVERAGE(E$2:E$13) -> 194.29408 | H358: =+(C358*D358)/G358 -> 413.80572 | I358: =+I357 -> 0.12 | J358: =+F358*(1-I358)/(F$109*(1-I$109))*100 -> 331.78 | K358: =+H358*(1-I358) -> 364.14903 | L358: =+L357 -> 134.93063 | M358: =+M357 -> 207.19615
A359: 44835 | B359: O | C359: 422 | D359: =SOJA!D359 -> 152.5929 | E359: =SOJA!E359 -> 206.5346 | F359: =+(C359*(D359/E359))/(AVERAGE(C$109)*AVERAGE(D$109)/AVERAGE(E$109))*100 -> 284.06975 | G359: =+E359/AVERAGE(E$2:E$13) -> 206.5346 | H359: =+(C359*D359)/G359 -> 311.78409 | I359: =+I358 -> 0.12 | J359: =+F359*(1-I359)/(F$109*(1-I$109))*100 -> 249.98138 | K359: =+H359*(1-I359) -> 274.37 | L359: =+L358 -> 134.93063 | M359: =+M358 -> 207.19615
... A386: 45658 | B386: E-25 | C386: 229 | D386: =SOJA!D386 -> 1043.5644 | E386: =SOJA!E386 -> 1576.4734 | F386: =+(C386*(D386/E386))/(AVERAGE(C$109)*AVERAGE(D$109)/AVERAGE(E$109))*100 -> 138.11446 | G386: =+E386/AVERAGE(E$2:E$13) -> 1576.4734 | H386: =+(C386*D386)/G386 -> 151.58914 | I386: =+I385 -> 0.12 | J386: =+F386*(1-I386)/(F$109*(1-I$109))*100 -> 121.54072 | K386: =+H386*(1-I386) -> 133.39844 | L386: =+L385 -> 134.93063 | M386: =+M385 -> 207.19615
A387: 45689 | B387: F | C387: 237 | D387: =SOJA!D387 -> 1058.4625 | E387: =SOJA!E387 -> 1614.3088 | F387: =+(C387*(D387/E387))/(AVERAGE(C$109)*AVERAGE(D$109)/AVERAGE(E$109))*100 -> 141.58207 | G387: =+E387/AVERAGE(E$2:E$13) -> 1614.3088 | H387: =+(C387*D387)/G387 -> 155.39506 | I387: 0.095 | J387: =+F387*(1-I387)/(F$109*(1-I$109))*100 -> 128.13177 | K387: =+H387*(1-I387) -> 140.63253 | L387: =+L386 -> 134.93063 | M387: =+M386 -> 207.19615
A388: 45717 | B388: M | C388: 243 | D388: =SOJA!D388 -> 1069.0347 | E388: =SOJA!E388 -> 1674.0382 | F388: =+(C388*(D388/E388))/(AVERAGE(C$109)*AVERAGE(D$109)/AVERAGE(E$109))*100 -> 141.38514 | G388: =+E388/AVERAGE(E$2:E$13) -> 1674.0382 | H388: =+(C388*D388)/G388 -> 155.17892 | I388: 0.095 | J388: =+F388*(1-I388)/(F$109*(1-I$109))*100 -> 127.95355 | K388: =+H388*(1-I388) -> 140.43692 | L388: =+L387 -> 134.93063 | M388: =+M387 -> 207.19615
A389: 45748 | B389: A | C389: 248 | D389: =SOJA!D389 -> 1121.568 | E389: =SOJA!E389 -> 1720.9112 | F389: =+(C389*(D389/E389))/(AVERAGE(C$109)*AVERAGE(D$109)/AVERAGE(E$109))*100 -> 147.26172 | G389: =+E389/AVERAGE(E$2:E$13) -> 1720.9112 | H389: =+(C389*D389)/G389 -> 161.62883 | I389: 0.095 | J389: =+F389*(1-I389)/(F$109*(1-I$109))*100 -> 133.27185 | K389: =+H389*(1-I389) -> 146.27409 | L389: =+L388 -> 134.93063 | M389: =+M388 -> 207.19615
A390: 45778 | B390: M | C390: 235 | D390: =SOJA!D390 -> 1147.5292 | E390: =SOJA!E390 -> 1746.7249 | F390: =+(C390*(D390/E390))/(AVERAGE(C$109)*AVERAGE(D$109)/AVERAGE(E$109))*100 -> 140.66244 | G390: =+E390/AVERAGE(E$2:E$13) -> 1746.7249 | H390: =+(C390*D390)/G390 -> 154.38571 | I390: 0.095 | J390: =+F390*(1-I390)/(F$109*(1-I$109))*100 -> 127.2995 | K390: =+H390*(1-I390) -> 139.71907 | L390: =+L389 -> 134.93063 | M390: =+M389 -> 207.19615
...

Sheet MAIZ
C1: FOB USD/Ton | D1: com3500 $/USD | E1: IPC 1993=1 | F1: INDICE FOB*FX/IPC todo base 1993 (1) | G1: FX 1993=1 | H1: Precio FOB*FX/(IPC 1993=1) = FOB REAL | I1: DEX | J1: (1)*(1-DEX) | K1: FOB REAL*(1-DEX) = PRP
A2: 33970 | B2: E-93 | C2: 118 | D2: =SOJA!D2 -> 0.99874 | E2: =SOJA!E2 -> 0.96122511 | F2: =+(C2*(D2/E2))/(AVERAGE(C$109)*AVERAGE(D$109)/AVERAGE(E$109))*100 -> 124.24554 | G2: =+E2/AVERAGE(E$2:E$13) -> 0.96122511 | H2: =+(C2*D2)/G2 -> 122.60533 | I2: 0 | J2: =+F2*(1-I2)/(F$109*(1-I$109))*100 -> 124.24554 | K2: =+H2*(1-I2) -> 122.60533 | L2: =+AVERAGE(K2:K109) -> 104.72558 | M2: =+AVERAGE(K110:K277) -> 160.4379
A3: 34001 | B3: F | C3: 94 | D3: =SOJA!D3 -> 0.999155 | E3: =SOJA!E3 -> 0.96824627 | F3: =+(C3*(D3/E3))/(AVERAGE(C$109)*AVERAGE(D$109)/AVERAGE(E$109))*100 -> 98.298378 | G3: =+E3/AVERAGE(E$2:E$13) -> 0.96824627 | H3: =+(C3*D3)/G3 -> 97.000704 | I3: =+I2 -> 0 | J3: =+F3*(1-I3)/(F$109*(1-I$109))*100 -> 98.298378 | K3: =+H3*(1-I3) -> 97.000704 | L3: =+L2 -> 104.72558 | M3: =+M2 -> 160.4379
A4: 34029 | B4: M | C4: 84 | D4: =SOJA!D4 -> 0.999687 | E4: =SOJA!E4 -> 0.97552607 | F4: =+(C4*(D4/E4))/(AVERAGE(C$109)*AVERAGE(D$109)/AVERAGE(E$109))*100 -> 87.232017 | G4: =+E4/AVERAGE(E$2:E$13) -> 0.97552607 | H4: =+(C4*D4)/G4 -> 86.080435 | I4: =+I3 -> 0 | J4: =+F4*(1-I4)/(F$109*(1-I$109))*100 -> 87.232017 | K4: =+H4*(1-I4) -> 86.080435 | L4: =+L3 -> 104.72558 | M4: =+M3 -> 160.4379
A5: 34060 | B5: A | C5: 91 | D5: =SOJA!D5 -> 0.99916 | E5: =SOJA!E5 -> 0.98572347 | F5: =+(C5*(D5/E5))/(AVERAGE(C$109)*AVERAGE(D$109)/AVERAGE(E$109))*100 -> 93.474424 | G5: =+E5/AVERAGE(E$2:E$13) -> 0.98572347 | H5: =+(C5*D5)/G5 -> 92.240433 | I5: =+I4 -> 0 | J5: =+F5*(1-I5)/(F$109*(1-I$109))*100 -> 93.474424 | K5: =+H5*(1-I5) -> 92.240433 | L5: =+L4 -> 104.72558 | M5: =+M4 -> 160.4379
A6: 34090 | B6: M | C6: 96 | D6: =SOJA!D6 -> 0.999395 | E6: =SOJA!E6 -> 0.99840532 | F6: =+(C6*(D6/E6))/(AVERAGE(C$109)*AVERAGE(D$109)/AVERAGE(E$109))*100 -> 97.380721 | G6: =+E6/AVERAGE(E$2:E$13) -> 0.99840532 | H6: =+(C6*D6)/G6 -> 96.095161 | I6: =+I5 -> 0 | J6: =+F6*(1-I6)/(F$109*(1-I$109))*100 -> 97.380721 | K6: =+H6*(1-I6) -> 96.095161 | L6: =+L5 -> 104.72558 | M6: =+M5 -> 160.4379
A7: 34121 | B7: J | C7: 97 | D7: =SOJA!D7 -> 0.9992857 | E7: =SOJA!E7 -> 1.005587 | F7: =+(C7*(D7/E7))/(AVERAGE(C$109)*AVERAGE(D$109)/AVERAGE(E$109))*100 -> 97.681707 | G7: =+E7/AVERAGE(E$2:E$13) -> 1.005587 | H7: =+(C7*D7)/G7 -> 96.392174 | I7: =+I6 -> 0 | J7: =+F7*(1-I7)/(F$109*(1-I$109))*100 -> 97.681707 | K7: =+H7*(1-I7) -> 96.392174 | L7: =+L6 -> 104.72558 | M7: =+M6 -> 160.4379
A8: 34151 | B8: J | C8: 107 | D8: =SOJA!D8 -> 0.9989238 | E8: =SOJA!E8 -> 1.0088218 | F8: =+(C8*(D8/E8))/(AVERAGE(C$109)*AVERAGE(D$109)/AVERAGE(E$109))*100 -> 107.36757 | G8: =+E8/AVERAGE(E$2:E$13) -> 1.0088218 | H8: =+(C8*D8)/G8 -> 105.95017 | I8: =+I7 -> 0 | J8: =+F8*(1-I8)/(F$109*(1-I$109))*100 -> 107.36757 | K8: =+H8*(1-I8) -> 105.95017 | L8: =+L7 -> 104.72558 | M8: =+M7 -> 160.4379
A9: 34182 | B9: A | C9: 123 | D9: =SOJA!D9 -> 1.000175 | E9: =SOJA!E9 -> 1.0089836 | F9: =+(C9*(D9/E9))/(AVERAGE(C$109)*AVERAGE(D$109)/AVERAGE(E$109))*100 -> 123.55731 | G9: =+E9/AVERAGE(E$2:E$13) -> 1.0089836 | H9: =+(C9*D9)/G9 -> 121.92619 | I9: =+I8 -> 0 | J9: =+F9*(1-I9)/(F$109*(1-I$109))*100 -> 123.55731 | K9: =+H9*(1-I9) -> 121.92619 | L9: =+L8 -> 104.72558 | M9: =+M8 -> 160.4379
A10: 34213 | B10: S | C10: 124 | D10: =SOJA!D10 -> 1.0010095 | E10: =SOJA!E10 -> 1.0172986 | F10: =+(C10*(D10/E10))/(AVERAGE(C$109)*AVERAGE(D$109)/AVERAGE(E$109))*100 -> 123.6468 | G10: =+E10/AVERAGE(E$2:E$13) -> 1.0172986 | H10: =+(C10*D10)/G10 -> 122.0145 | I10: =+I9 -> 0 | J10: =+F10*(1-I10)/(F$109*(1-I$109))*100 -> 123.6468 | K10: =+H10*(1-I10) -> 122.0145 | L10: =+L9 -> 104.72558 | M10: =+M9 -> 160.4379
A11: 34243 | B11: O | C11: 130 | D11: =SOJA!D11 -> 0.999515 | E11: =SOJA!E11 -> 1.0230491 | F11: =+(C11*(D11/E11))/(AVERAGE(C$109)*AVERAGE(D$109)/AVERAGE(E$109))*100 -> 128.70863 | G11: =+E11/AVERAGE(E$2:E$13) -> 1.0230491 | H11: =+(C11*D11)/G11 -> 127.0095 | I11: =+I10 -> 0 | J11: =+F11*(1-I11)/(F$109*(1-I$109))*100 -> 128.70863 | K11: =+H11*(1-I11) -> 127.0095 | L11: =+L10 -> 104.72558 | M11: =+M10 -> 160.4379
A12: 34274 | B12: N | C12: 134 | D12: =SOJA!D12 -> 0.998519 | E12: =SOJA!E12 -> 1.023634 | F12: =+(C12*(D12/E12))/(AVERAGE(C$109)*AVERAGE(D$109)/AVERAGE(E$109))*100 -> 132.46096 | G12: =+E12/AVERAGE(E$2:E$13) -> 1.023634 | H12: =+(C12*D12)/G12 -> 130.71229 | I12: =+I11 -> 0 | J12: =+F12*(1-I12)/(F$109*(1-I$109))*100 -> 132.46096 | K12: =+H12*(1-I12) -> 130.71229 | L12: =+L11 -> 104.72558 | M12: =+M11 -> 160.4379
A13: 34304 | B13: D-93 | C13: 136 | D13: =SOJA!D13 -> 0.9985952 | E13: =SOJA!E13 -> 1.0234997 | F13: =+(C13*(D13/E13))/(AVERAGE(C$109)*AVERAGE(D$109)/AVERAGE(E$109))*100 -> 134.46589 | G13: =+E13/AVERAGE(E$2:E$13) -> 1.0234997 | H13: =+(C13*D13)/G13 -> 132.69076 | I13: =+I12 -> 0 | J13: =+F13*(1-I13)/(F$109*(1-I$109))*100 -> 134.46589 | K13: =+H13*(1-I13) -> 132.69076 | L13: =+L12 -> 104.72558 | M13: =+M12 -> 160.4379
A14: 34335 | B14: E-94 | C14: 127 | D14: =SOJA!D14 -> 0.9985714 | E14: =SOJA!E14 -> 1.0245302 | F14: =+(C14*(D14/E14))/(AVERAGE(C$109)*AVERAGE(D$109)/AVERAGE(E$109))*100 -> 125.43813 | G14: =+E14/AVERAGE(E$2:E$13) -> 1.0245302 | H14: =+(C14*D14)/G14 -> 123.78217 | I14: =+I13 -> 0 | J14: =+F14*(1-I14)/(F$109*(1-I$109))*100 -> 125.43813 | K14: =+H14*(1-I14) -> 123.78217 | L14: =+L13 -> 104.72558 | M14: =+M13 -> 160.4379
... A111: 37288 | B111: F | C111: 96 | D111: =SOJA!D111 -> 2.128 | E111: =SOJA!E111 -> 1.1049591 | F111: =+(C111*(D111/E111))/(AVERAGE(C$109)*AVERAGE(D$109)/AVERAGE(E$109))*100 -> 187.35621 | G111: =+E111/AVERAGE(E$2:E$13) -> 1.1049591 | H111: =+(C111*D111)/G111 -> 184.88286 | I111: =+I110 -> 0 | J111: =+F111*(1-I111)/(F$109*(1-I$109))*100 -> 187.35621 | K111: =+H111*(1-I111) -> 184.88286 | L111: =+L110 -> 104.72558 | M111: =+M110 -> 160.4379
A112: 37316 | B112: M | C112: 86 | D112: =SOJA!D112 -> 2.5452632 | E112: =SOJA!E112 -> 1.1487411 | F112: =+(C112*(D112/E112))/(AVERAGE(C$109)*AVERAGE(D$109)/AVERAGE(E$109))*100 -> 193.09918 | G112: =+E112/AVERAGE(E$2:E$13) -> 1.1487411 | H112: =+(C112*D112)/G112 -> 190.55001 | I112: 0 | J112: =+F112*(1-I112)/(F$109*(1-I$109))*100 -> 193.09918 | K112: =+H112*(1-I112) -> 190.55001 | L112: =+L111 -> 104.72558 | M112: =+M111 -> 160.4379
A113: 37347 | B113: A | C113: 87 | D113: =SOJA!D113 -> 3.0331818 | E113: =SOJA!E113 -> 1.2680686 | F113: =+(C113*(D113/E113))/(AVERAGE(C$109)*AVERAGE(D$109)/AVERAGE(E$109))*100 -> 210.88535 | G113: =+E113/AVERAGE(E$2:E$13) -> 1.2680686 | H113: =+(C113*D113)/G113 -> 208.10138 | I113: 0.2 | J113: =+F113*(1-I113)/(F$109*(1-I$109))*100 -> 168.70828 | K113: =+H113*(1-I113) -> 166.4811 | L113: =+L112 -> 104.72558 | M113: =+M112 -> 160.4379
A114: 37377 | B114: M | C114: 89 | D114: =SOJA!D114 -> 3.4422727 | E114: =SOJA!E114 -> 1.318933 | F114: =+(C114*(D114/E114))/(AVERAGE(C$109)*AVERAGE(D$109)/AVERAGE(E$109))*100 -> 235.38784 | G114: =+E114/AVERAGE(E$2:E$13) -> 1.318933 | H114: =+(C114*D114)/G114 -> 232.2804 | I114: =+I113 -> 0.2 | J114: =+F114*(1-I114)/(F$109*(1-I$109))*100 -> 188.31027 | K114: =+H114*(1-I114) -> 185.82432 | L114: =+L113 -> 104.72558 | M114: =+M113 -> 160.4379
A115: 37408 | B115: J | C115: 93 | D115: =SOJA!D115 -> 3.7165 | E115: =SOJA!E115 -> 1.3666854 | F115: =+(C115*(D115/E115))/(AVERAGE(C$109)*AVERAGE(D$109)/AVERAGE(E$109))*100 -> 256.28312 | G115: =+E115/AVERAGE(E$2:E$13) -> 1.3666854 | H115: =+(C115*D115)/G115 -> 252.89983 | I115: =+I114 -> 0.2 | J115: =+F115*(1-I115)/(F$109*(1-I$109))*100 -> 205.02649 | K115: =+H115*(1-I115) -> 202.31986 | L115: =+L114 -> 104.72558 | M115: =+M114 -> 160.4379
A116: 37438 | B116: J | C116: 98 | D116: =SOJA!D116 -> 3.6730435 | E116: =SOJA!E116 -> 1.4102528 | F116: =+(C116*(D116/E116))/(AVERAGE(C$109)*AVERAGE(D$109)/AVERAGE(E$109))*100 -> 258.65843 | G116: =+E116/AVERAGE(E$2:E$13) -> 1.4102528 | H116: =+(C116*D116)/G116 -> 255.24379 | I116: =+I115 -> 0.2 | J116: =+F116*(1-I116)/(F$109*(1-I$109))*100 -> 206.92675 | K116: =+H116*(1-I116) -> 204.19503 | L116: =+L115 -> 104.72558 | M116: =+M115 -> 160.4379
A117: 37469 | B117: A | C117: 105 | D117: =SOJA!D117 -> 3.6519048 | E117: =SOJA!E117 -> 1.4433039 | F117: =+(C117*(D117/E117))/(AVERAGE(C$109)*AVERAGE(D$109)/AVERAGE(E$109))*100 -> 269.22936 | G117: =+E117/AVERAGE(E$2:E$13) -> 1.4433039 | H117: =+(C117*D117)/G117 -> 265.67516 | I117: =+I116 -> 0.2 | J117: =+F117*(1-I117)/(F$109*(1-I$109))*100 -> 215.38349 | K117: =+H117*(1-I117) -> 212.54013 | L117: =+L116 -> 104.72558 | M117: =+M116 -> 160.4379
A118: 37500 | B118: S | C118: 108 | D118: =SOJA!D118 -> 3.677619 | E118: =SOJA!E118 -> 1.4627268 | F118: =+(C118*(D118/E118))/(AVERAGE(C$109)*AVERAGE(D$109)/AVERAGE(E$109))*100 -> 275.16851 | G118: =+E118/AVERAGE(E$2:E$13) -> 1.4627268 | H118: =+(C118*D118)/G118 -> 271.53591 | I118: =+I117 -> 0.2 | J118: =+F118*(1-I118)/(F$109*(1-I$109))*100 -> 220.13481 | K118: =+H118*(1-I118) -> 217.22873 | L118: =+L117 -> 104.72558 | M118: =+M117 -> 160.4379
A119: 37530 | B119: O | C119: 105 | D119: =SOJA!D119 -> 3.683913 | E119: =SOJA!E119 -> 1.4659461 | F119: =+(C119*(D119/E119))/(AVERAGE(C$109)*AVERAGE(D$109)/AVERAGE(E$109))*100 -> 267.3943 | G119: =+E119/AVERAGE(E$2:E$13) -> 1.4659461 | H119: =+(C119*D119)/G119 -> 263.86432 | I119: =+I118 -> 0.2 | J119: =+F119*(1-I119)/(F$109*(1-I$109))*100 -> 213.91544 | K119: =+H119*(1-I119) -> 211.09146 | L119: =+L118 -> 104.72558 | M119: =+M118 -> 160.4379
A120: 37561 | B120: N | C120: 107 | D120: =SOJA!D120 -> 3.5647619 | E120: =SOJA!E120 -> 1.4734577 | F120: =+(C120*(D120/E120))/(AVERAGE(C$109)*AVERAGE(D$109)/AVERAGE(E$109))*100 -> 262.33008 | G120: =+E120/AVERAGE(E$2:E$13) -> 1.4734577 | H120: =+(C120*D120)/G120 -> 258.86697 | I120: =+I119 -> 0.2 | J120: =+F120*(1-I120)/(F$109*(1-I$109))*100 -> 209.86407 | K120: =+H120*(1-I120) -> 207.09357 | L120: =+L119 -> 104.72558 | M120: =+M119 -> 160.4379
A121: 37591 | B121: D-02 | C121: 104 | D121: =SOJA!D121 -> 3.5261905 | E121: =SOJA!E121 -> 1.4762477 | F121: =+(C121*(D121/E121))/(AVERAGE(C$109)*AVERAGE(D$109)/AVERAGE(E$109))*100 -> 251.73948 | G121: =+E121/AVERAGE(E$2:E$13) -> 1.4762477 | H121: =+(C121*D121)/G121 -> 248.41617 | I121: =+I120 -> 0.2 | J121: =+F121*(1-I121)/(F$109*(1-I$109))*100 -> 201.39158 | K121: =+H121*(1-I121) -> 198.73294 | L121: =+L120 -> 104.72558 | M121: =+M120 -> 160.4379
A122: 37622 | B122: E-03 | C122: 101 | D122: =SOJA!D122 -> 3.2840909 | E122: =SOJA!E122 -> 1.4956706 | F122: =+(C122*(D122/E122))/(AVERAGE(C$109)*AVERAGE(D$109)/AVERAGE(E$109))*100 -> 224.73569 | G122: =+E122/AVERAGE(E$2:E$13) -> 1.4956706 | H122: =+(C122*D122)/G122 -> 221.76887 | I122: =+I121 -> 0.2 | J122: =+F122*(1-I122)/(F$109*(1-I$109))*100 -> 179.78855 | K122: =+H122*(1-I122) -> 177.41509 | L122: =+L121 -> 104.72558 | M122: =+M121 -> 160.4379
A123: 37653 | B123: F | C123: 100 | D123: =SOJA!D123 -> 3.1925 | E123: =SOJA!E123 -> 1.504148 | F123: =+(C123*(D123/E123))/(AVERAGE(C$109)*AVERAGE(D$109)/AVERAGE(E$109))*100 -> 215.08583 | G123: =+E123/AVERAGE(E$2:E$13) -> 1.504148 | H123: =+(C123*D123)/G123 -> 212.2464 | I123: =+I122 -> 0.2 | J123: =+F123*(1-I123)/(F$109*(1-I$109))*100 -> 172.06866 | K123: =+H123*(1-I123) -> 169.79712 | L123: =+L122 -> 104.72558 | M123: =+M122 -> 160.4379
A124: 37681 | B124: M | C124: 96 | D124: =SOJA!D124 -> 3.097619 | E124: =SOJA!E124 -> 1.5129474 | F124: =+(C124*(D124/E124))/(AVERAGE(C$109)*AVERAGE(D$109)/AVERAGE(E$109))*100 -> 199.18053 | G124: =+E124/AVERAGE(E$2:E$13) -> 1.5129474 | H124: =+(C124*D124)/G124 -> 196.55108 | I124: =+I123 -> 0.2 | J124: =+F124*(1-I124)/(F$109*(1-I$109))*100 -> 159.34443 | K124: =+H124*(1-I124) -> 157.24086 | L124: =+L123 -> 104.72558 | M124: =+M123 -> 160.4379
A125: 37712 | B125: A | C125: 98 | D125: =SOJA!D125 -> 2.9180952 | E125: =SOJA!E125 -> 1.5138058 | F125: =+(C125*(D125/E125))/(AVERAGE(C$109)*AVERAGE(D$109)/AVERAGE(E$109))*100 -> 191.43742 | G125: =+E125/AVERAGE(E$2:E$13) -> 1.5138058 | H125: =+(C125*D125)/G125 -> 188.91018 | I125: =+I124 -> 0.2 | J125: =+F125*(1-I125)/(F$109*(1-I$109))*100 -> 153.14994 | K125: =+H125*(1-I125) -> 151.12815 | L125: =+L124 -> 104.72558 | M125: =+M124 -> 160.4379
... A179: 39356 | B179: O | C179: 169 | D179: =SOJA!D179 -> 3.1804348 | E179: =SOJA!E179 -> 2.2659172 | F179: =+(C179*(D179/E179))/(AVERAGE(C$109)*AVERAGE(D$109)/AVERAGE(E$109))*100 -> 240.38127 | G179: =+E179/AVERAGE(E$2:E$13) -> 2.2659172 | H179: =+(C179*D179)/G179 -> 237.20791 | I179: =+I178 -> 0.2 | J179: =+F179*(1-I179)/(F$109*(1-I$109))*100 -> 192.30502 | K179: =+H179*(1-I179) -> 189.76633 | L179: =+L178 -> 104.72558 | M179: =+M178 -> 160.4379
A180: 39387 | B180: N | C180: 167 | D180: =SOJA!D180 -> 3.1514773 | E180: =SOJA!E180 -> 2.3177439 | F180: =+(C180*(D180/E180))/(AVERAGE(C$109)*AVERAGE(D$109)/AVERAGE(E$109))*100 -> 230.11062 | G180: =+E180/AVERAGE(E$2:E$13) -> 2.3177439 | H180: =+(C180*D180)/G180 -> 227.07284 | I180: 0.25 | J180: =+F180*(1-I180)/(F$109*(1-I$109))*100 -> 172.58297 | K180: =+H180*(1-I180) -> 170.30463 | L180: =+L179 -> 104.72558 | M180: =+M179 -> 160.4379
A181: 39417 | B181: D-07 | C181: 159 | D181: =SOJA!D181 -> 3.1575 | E181: =SOJA!E181 -> 2.3923771 | F181: =+(C181*(D181/E181))/(AVERAGE(C$109)*AVERAGE(D$109)/AVERAGE(E$109))*100 -> 212.65829 | G181: =+E181/AVERAGE(E$2:E$13) -> 2.3923771 | H181: =+(C181*D181)/G181 -> 209.8509 | I181: =+I180 -> 0.25 | J181: =+F181*(1-I181)/(F$109*(1-I$109))*100 -> 159.49371 | K181: =+H181*(1-I181) -> 157.38818 | L181: =+L180 -> 104.72558 | M181: =+M180 -> 160.4379
A182: 39448 | B182: E-08 | C182: 202 | D182: =SOJA!D182 -> 3.1640476 | E182: =SOJA!E182 -> 2.4469229 | F182: =+(C182*(D182/E182))/(AVERAGE(C$109)*AVERAGE(D$109)/AVERAGE(E$109))*100 -> 264.69489 | G182: =+E182/AVERAGE(E$2:E$13) -> 2.4469229 | H182: =+(C182*D182)/G182 -> 261.20056 | I182: =+I181 -> 0.25 | J182: =+F182*(1-I182)/(F$109*(1-I$109))*100 -> 198.52117 | K182: =+H182*(1-I182) -> 195.90042 | L182: =+L181 -> 104.72558 | M182: =+M181 -> 160.4379
A183: 39479 | B183: F | C183: 217 | D183: =SOJA!D183 -> 3.1728571 | E183: =SOJA!E183 -> 2.4730875 | F183: =+(C183*(D183/E183))/(AVERAGE(C$109)*AVERAGE(D$109)/AVERAGE(E$109))*100 -> 282.12542 | G183: =+E183/AVERAGE(E$2:E$13) -> 2.4730875 | H183: =+(C183*D183)/G183 -> 278.40098 | I183: =+I182 -> 0.25 | J183: =+F183*(1-I183)/(F$109*(1-I$109))*100 -> 211.59407 | K183: =+H183*(1-I183) -> 208.80074 | L183: =+L182 -> 104.72558 | M183: =+M182 -> 160.4379
A184: 39508 | B184: M | C184: 217 | D184: =SOJA!D184 -> 3.1726667 | E184: =SOJA!E184 -> 2.5477943 | F184: =+(C184*(D184/E184))/(AVERAGE(C$109)*AVERAGE(D$109)/AVERAGE(E$109))*100 -> 273.83646 | G184: =+E184/AVERAGE(E$2:E$13) -> 2.5477943 | H184: =+(C184*D184)/G184 -> 270.22144 | I184: =+I183 -> 0.25 | J184: =+F184*(1-I184)/(F$109*(1-I$109))*100 -> 205.37735 | K184: =+H184*(1-I184) -> 202.66608 | L184: =+L183 -> 104.72558 | M184: =+M183 -> 160.4379
A185: 39539 | B185: A | C185: 225 | D185: =SOJA!D185 -> 3.1868182 | E185: =SOJA!E185 -> 2.6050694 | F185: =+(C185*(D185/E185))/(AVERAGE(C$109)*AVERAGE(D$109)/AVERAGE(E$109))*100 -> 278.9279 | G185: =+E185/AVERAGE(E$2:E$13) -> 2.6050694 | H185: =+(C185*D185)/G185 -> 275.24567 | I185: =+I184 -> 0.25 | J185: =+F185*(1-I185)/(F$109*(1-I$109))*100 -> 209.19593 | K185: =+H185*(1-I185) -> 206.43425 | L185: =+L184 -> 104.72558 | M185: =+M184 -> 160.4379
A186: 39569 | B186: M | C186: 213 | D186: =SOJA!D186 -> 3.183 | E186: =SOJA!E186 -> 2.661464 | F186: =+(C186*(D186/E186))/(AVERAGE(C$109)*AVERAGE(D$109)/AVERAGE(E$109))*100 -> 258.14701 | G186: =+E186/AVERAGE(E$2:E$13) -> 2.661464 | H186: =+(C186*D186)/G186 -> 254.73912 | I186: =+I185 -> 0.25 | J186: =+F186*(1-I186)/(F$109*(1-I$109))*100 -> 193.61026 | K186: =+H186*(1-I186) -> 191.05434 | L186: =+L185 -> 104.72558 | M186: =+M185 -> 160.4379
A187: 39600 | B187: J | C187: 260 | D187: =SOJA!D187 -> 3.0738095 | E187: =SOJA!E187 -> 2.6904331 | F187: =+(C187*(D187/E187))/(AVERAGE(C$109)*AVERAGE(D$109)/AVERAGE(E$109))*100 -> 301.02292 | G187: =+E187/AVERAGE(E$2:E$13) -> 2.6904331 | H187: =+(C187*D187)/G187 -> 297.049 | I187: =+I186 -> 0.25 | J187: =+F187*(1-I187)/(F$109*(1-I$109))*100 -> 225.76719 | K187: =+H187*(1-I187) -> 222.78675 | L187: =+L186 -> 104.72558 | M187: =+M186 -> 160.4379
A188: 39630 | B188: J | C188: 245 | D188: =SOJA!D188 -> 3.0465217 | E188: =SOJA!E188 -> 2.7219237 | F188: =+(C188*(D188/E188))/(AVERAGE(C$109)*AVERAGE(D$109)/AVERAGE(E$109))*100 -> 277.8855 | G188: =+E188/AVERAGE(E$2:E$13) -> 2.7219237 | H188: =+(C188*D188)/G188 -> 274.21703 | I188: =+I187 -> 0.25 | J188: =+F188*(1-I188)/(F$109*(1-I$109))*100 -> 208.41412 | K188: =+H188*(1-I188) -> 205.66277 | L188: =+L187 -> 104.72558 | M188: =+M187 -> 160.4379
A189: 39661 | B189: A | C189: 218 | D189: =SOJA!D189 -> 3.0538095 | E189: =SOJA!E189 -> 2.7654872 | F189: =+(C189*(D189/E189))/(AVERAGE(C$109)*AVERAGE(D$109)/AVERAGE(E$109))*100 -> 243.94855 | G189: =+E189/AVERAGE(E$2:E$13) -> 2.7654872 | H189: =+(C189*D189)/G189 -> 240.7281 | I189: =+I188 -> 0.25 | J189: =+F189*(1-I189)/(F$109*(1-I$109))*100 -> 182.96141 | K189: =+H189*(1-I189) -> 180.54607 | L189: =+L188 -> 104.72558 | M189: =+M188 -> 160.4379
A190: 39692 | B190: S | C190: 205 | D190: =SOJA!D190 -> 3.0990909 | E190: =SOJA!E190 -> 2.7850999 | F190: =+(C190*(D190/E190))/(AVERAGE(C$109)*AVERAGE(D$109)/AVERAGE(E$109))*100 -> 231.16329 | G190: =+E190/AVERAGE(E$2:E$13) -> 2.7850999 | H190: =+(C190*D190)/G190 -> 228.11162 | I190: =+I189 -> 0.25 | J190: =+F190*(1-I190)/(F$109*(1-I$109))*100 -> 173.37247 | K190: =+H190*(1-I190) -> 171.08371 | L190: =+L189 -> 104.72558 | M190: =+M189 -> 160.4379
A191: 39722 | B191: O | C191: 170 | D191: =SOJA!D191 -> 3.2601957 | E191: =SOJA!E191 -> 2.8078338 | F191: =+(C191*(D191/E191))/(AVERAGE(C$109)*AVERAGE(D$109)/AVERAGE(E$109))*100 -> 200.02886 | G191: =+E191/AVERAGE(E$2:E$13) -> 2.8078338 | H191: =+(C191*D191)/G191 -> 197.3882 | I191: =+I190 -> 0.25 | J191: =+F191*(1-I191)/(F$109*(1-I$109))*100 -> 150.02164 | K191: =+H191*(1-I191) -> 148.04115 | L191: =+L190 -> 104.72558 | M191: =+M190 -> 160.4379
A192: 39753 | B192: N | C192: 155 | D192: =SOJA!D192 -> 3.3425 | E192: =SOJA!E192 -> 2.8257058 | F192: =+(C192*(D192/E192))/(AVERAGE(C$109)*AVERAGE(D$109)/AVERAGE(E$109))*100 -> 185.80082 | G192: =+E192/AVERAGE(E$2:E$13) -> 2.8257058 | H192: =+(C192*D192)/G192 -> 183.348 | I192: =+I191 -> 0.25 | J192: =+F192*(1-I192)/(F$109*(1-I$109))*100 -> 139.35062 | K192: =+H192*(1-I192) -> 137.511 | L192: =+L191 -> 104.72558 | M192: =+M191 -> 160.4379
A193: 39783 | B193: D-08 | C193: 140 | D193: =SOJA!D193 -> 3.4413636 | E193: =SOJA!E193 -> 2.849837 | F193: =+(C193*(D193/E193))/(AVERAGE(C$109)*AVERAGE(D$109)/AVERAGE(E$109))*100 -> 171.32078 | G193: =+E193/AVERAGE(E$2:E$13) -> 2.849837 | H193: =+(C193*D193)/G193 -> 169.05911 | I193: 0.2 | J193: =+F193*(1-I193)/(F$109*(1-I$109))*100 -> 137.05662 | K193: =+H193*(1-I193) -> 135.24729 | L193: =+L192 -> 104.72558 | M193: =+M192 -> 160.4379
A194: 39814 | B194: E-09 | C194: 157 | D194: =SOJA!D194 -> 3.4767476 | E194: =SOJA!E194 -> 2.893466 | F194: =+(C194*(D194/E194))/(AVERAGE(C$109)*AVERAGE(D$109)/AVERAGE(E$109))*100 -> 191.17271 | G194: =+E194/AVERAGE(E$2:E$13) -> 2.893466 | H194: =+(C194*D194)/G194 -> 188.64897 | I194: =+I193 -> 0.2 | J194: =+F194*(1-I194)/(F$109*(1-I$109))*100 -> 152.93817 | K194: =+H194*(1-I194) -> 150.91917 | L194: =+L193 -> 104.72558 | M194: =+M193 -> 160.4379
A195: 39845 | B195: F | C195: 152 | D195: =SOJA!D195 -> 3.527 | E195: =SOJA!E195 -> 2.9176818 | F195: =+(C195*(D195/E195))/(AVERAGE(C$109)*AVERAGE(D$109)/AVERAGE(E$109))*100 -> 186.20125 | G195: =+E195/AVERAGE(E$2:E$13) -> 2.9176818 | H195: =+(C195*D195)/G195 -> 183.74314 | I195: =+I194 -> 0.2 | J195: =+F195*(1-I195)/(F$109*(1-I$109))*100 -> 148.961 | K195: =+H195*(1-I195) -> 146.99451 | L195: =+L194 -> 104.72558 | M195: =+M194 -> 160.4379
A196: 39873 | B196: M | C196: 161 | D196: =SOJA!D196 -> 3.6718182 | E196: =SOJA!E196 -> 2.954618 | F196: =+(C196*(D196/E196))/(AVERAGE(C$109)*AVERAGE(D$109)/AVERAGE(E$109))*100 -> 202.75761 | G196: =+E196/AVERAGE(E$2:E$13) -> 2.954618 | H196: =+(C196*D196)/G196 -> 200.08093 | I196: =+I195 -> 0.2 | J196: =+F196*(1-I196)/(F$109*(1-I$109))*100 -> 162.20609 | K196: =+H196*(1-I196) -> 160.06475 | L196: =+L195 -> 104.72558 | M196: =+M195 -> 160.4379
A197: 39904 | B197: A | C197: 164 | D197: =SOJA!D197 -> 3.7109524 | E197: =SOJA!E197 -> 2.9905863 | F197: =+(C197*(D197/E197))/(AVERAGE(C$109)*AVERAGE(D$109)/AVERAGE(E$109))*100 -> 206.22644 | G197: =+E197/AVERAGE(E$2:E$13) -> 2.9905863 | H197: =+(C197*D197)/G197 -> 203.50397 | I197: =+I196 -> 0.2 | J197: =+F197*(1-I197)/(F$109*(1-I$109))*100 -> 164.98115 | K197: =+H197*(1-I197) -> 162.80318 | L197: =+L196 -> 104.72558 | M197: =+M196 -> 160.4379
A198: 39934 | B198: M | C198: 181 | D198: =SOJA!D198 -> 3.7385 | E198: =SOJA!E198 -> 3.0163213 | F198: =+(C198*(D198/E198))/(AVERAGE(C$109)*AVERAGE(D$109)/AVERAGE(E$109))*100 -> 227.33684 | G198: =+E198/AVERAGE(E$2:E$13) -> 3.0163213 | H198: =+(C198*D198)/G198 -> 224.33568 | I198: =+I197 -> 0.2 | J198: =+F198*(1-I198)/(F$109*(1-I$109))*100 -> 181.86947 | K198: =+H198*(1-I198) -> 179.46854 | L198: =+L197 -> 104.72558 | M198: =+M197 -> 160.4379
A199: 39965 | B199: J | C199: 186 | D199: =SOJA!D199 -> 3.7813636 | E199: =SOJA!E199 -> 3.0373022 | F199: =+(C199*(D199/E199))/(AVERAGE(C$109)*AVERAGE(D$109)/AVERAGE(E$109))*100 -> 234.66312 | G199: =+E199/AVERAGE(E$2:E$13) -> 3.0373022 | H199: =+(C199*D199)/G199 -> 231.56525 | I199: =+I198 -> 0.2 | J199: =+F199*(1-I199)/(F$109*(1-I$109))*100 -> 187.7305 | K199: =+H199*(1-I199) -> 185.2522 | L199: =+L198 -> 104.72558 | M199: =+M198 -> 160.4379
A200: 39995 | B200: J | C200: 164 | D200: =SOJA!D200 -> 3.8213043 | E200: =SOJA!E200 -> 3.0741214 | F200: =+(C200*(D200/E200))/(AVERAGE(C$109)*AVERAGE(D$109)/AVERAGE(E$109))*100 -> 206.5884 | G200: =+E200/AVERAGE(E$2:E$13) -> 3.0741214 | H200: =+(C200*D200)/G200 -> 203.86115 | I200: =+I199 -> 0.2 | J200: =+F200*(1-I200)/(F$109*(1-I$109))*100 -> 165.27072 | K200: =+H200*(1-I200) -> 163.08892 | L200: =+L199 -> 104.72558 | M200: =+M199 -> 160.4379
A201: 40026 | B201: A | C201: 164 | D201: =SOJA!D201 -> 3.8514286 | E201: =SOJA!E201 -> 3.1148324 | F201: =+(C201*(D201/E201))/(AVERAGE(C$109)*AVERAGE(D$109)/AVERAGE(E$109))*100 -> 205.49557 | G201: =+E201/AVERAGE(E$2:E$13) -> 3.1148324 | H201: =+(C201*D201)/G201 -> 202.78275 | I201: =+I200 -> 0.2 | J201: =+F201*(1-I201)/(F$109*(1-I$109))*100 -> 164.39646 | K201: =+H201*(1-I201) -> 162.2262 | L201: =+L200 -> 104.72558 | M201: =+M200 -> 160.4379
A202: 40057 | B202: S | C202: 161 | D202: =SOJA!D202 -> 3.8545455 | E202: =SOJA!E202 -> 3.1536928 | F202: =+(C202*(D202/E202))/(AVERAGE(C$109)*AVERAGE(D$109)/AVERAGE(E$109))*100 -> 199.41192 | G202: =+E202/AVERAGE(E$2:E$13) -> 3.1536928 | H202: =+(C202*D202)/G202 -> 196.77941 | I202: =+I201 -> 0.2 | J202: =+F202*(1-I202)/(F$109*(1-I$109))*100 -> 159.52954 | K202: =+H202*(1-I202) -> 157.42353 | L202: =+L201 -> 104.72558 | M202: =+M201 -> 160.4379
A203: 40087 | B203: O | C203: 173 | D203: =SOJA!D203 -> 3.8388636 | E203: =SOJA!E203 -> 3.1887723 | F203: =+(C203*(D203/E203))/(AVERAGE(C$109)*AVERAGE(D$109)/AVERAGE(E$109))*100 -> 211.05554 | G203: =+E203/AVERAGE(E$2:E$13) -> 3.1887723 | H203: =+(C203*D203)/G203 -> 208.26931 | I203: =+I202 -> 0.2 | J203: =+F203*(1-I203)/(F$109*(1-I$109))*100 -> 168.84443 | K203: =+H203*(1-I203) -> 166.61545 | L203: =+L202 -> 104.72558 | M203: =+M202 -> 160.4379
A204: 40118 | B204: N | C204: 175 | D204: =SOJA!D204 -> 3.8219048 | E204: =SOJA!E204 -> 3.2279682 | F204: =+(C204*(D204/E204))/(AVERAGE(C$109)*AVERAGE(D$109)/AVERAGE(E$109))*100 -> 209.97139 | G204: =+E204/AVERAGE(E$2:E$13) -> 3.2279682 | H204: =+(C204*D204)/G204 -> 207.19948 | I204: =+I203 -> 0.2 | J204: =+F204*(1-I204)/(F$109*(1-I$109))*100 -> 167.97711 | K204: =+H204*(1-I204) -> 165.75958 | L204: =+L203 -> 104.72558 | M204: =+M203 -> 160.4379
A205: 40148 | B205: D-09 | C205: 176 | D205: =SOJA!D205 -> 3.8243478 | E205: =SOJA!E205 -> 3.2924591 | F205: =+(C205*(D205/E205))/(AVERAGE(C$109)*AVERAGE(D$109)/AVERAGE(E$109))*100 -> 207.16726 | G205: =+E205/AVERAGE(E$2:E$13) -> 3.2924591 | H205: =+(C205*D205)/G205 -> 204.43237 | I205: =+I204 -> 0.2 | J205: =+F205*(1-I205)/(F$109*(1-I$109))*100 -> 165.73381 | K205: =+H205*(1-I205) -> 163.5459 | L205: =+L204 -> 104.72558 | M205: =+M204 -> 160.4379
... A276: 42309 | B276: N | C276: 168 | D276: =SOJA!D276 -> 9.6595714 | E276: =SOJA!E276 -> 13.872946 | F276: =+(C276*(D276/E276))/(AVERAGE(C$109)*AVERAGE(D$109)/AVERAGE(E$109))*100 -> 118.54136 | G276: =+E276/AVERAGE(E$2:E$13) -> 13.872946 | H276: =+(C276*D276)/G276 -> 116.97645 | I276: =+I275 -> 0.2 | J276: =+F276*(1-I276)/(F$109*(1-I$109))*100 -> 94.833085 | K276: =+H276*(1-I276) -> 93.581158 | L276: =+L275 -> 104.72558 | M276: =+M275 -> 160.4379
A277: 42339 | B277: D-15 | C277: 165 | D277: =SOJA!D277 -> 11.468809 | E277: =SOJA!E277 -> 14.416338 | F277: =+(C277*(D277/E277))/(AVERAGE(C$109)*AVERAGE(D$109)/AVERAGE(E$109))*100 -> 133.02056 | G277: =+E277/AVERAGE(E$2:E$13) -> 14.416338 | H277: =+(C277*D277)/G277 -> 131.2645 | I277: =+I276/2 -> 0.1 | J277: =+F277*(1-I277)/(F$109*(1-I$109))*100 -> 119.7185 | K277: =+H277*(1-I277) -> 118.13805 | L277: =+L276 -> 104.72558 | M277: =+M276 -> 160.4379
A278: 42370 | B278: E-16 | C278: 161 | D278: =SOJA!D278 -> 13.6548 | E278: =SOJA!E278 -> 15.012796 | F278: =+(C278*(D278/E278))/(AVERAGE(C$109)*AVERAGE(D$109)/AVERAGE(E$109))*100 -> 148.39562 | G278: =+E278/AVERAGE(E$2:E$13) -> 15.012796 | H278: =+(C278*D278)/G278 -> 146.4366 | I278: 0 | J278: =+F278*(1-I278)/(F$109*(1-I$109))*100 -> 148.39562 | K278: =+H278*(1-I278) -> 146.4366 | L278: =+L277 -> 104.72558 | M278: =+M277 -> 160.4379
A279: 42401 | B279: F | C279: 167 | D279: =SOJA!D279 -> 14.8146 | E279: =SOJA!E279 -> 15.608723 | F279: =+(C279*(D279/E279))/(AVERAGE(C$109)*AVERAGE(D$109)/AVERAGE(E$109))*100 -> 160.62402 | G279: =+E279/AVERAGE(E$2:E$13) -> 15.608723 | H279: =+(C279*D279)/G279 -> 158.50356 | I279: 0 | J279: =+F279*(1-I279)/(F$109*(1-I$109))*100 -> 160.62402 | K279: =+H279*(1-I279) -> 158.50356 | L279: =+L278 -> 104.72558 | M279: =+M278 -> 160.4379
A280: 42430 | B280: M | C280: 162 | D280: =SOJA!D280 -> 14.9615 | E280: =SOJA!E280 -> 16.126644 | F280: =+(C280*(D280/E280))/(AVERAGE(C$109)*AVERAGE(D$109)/AVERAGE(E$109))*100 -> 152.30622 | G280: =+E280/AVERAGE(E$2:E$13) -> 16.126644 | H280: =+(C280*D280)/G280 -> 150.29556 | I280: 0 | J280: =+F280*(1-I280)/(F$109*(1-I$109))*100 -> 152.30622 | K280: =+H280*(1-I280) -> 150.29556 | L280: =+L279 -> 104.72558 | M280: =+M279 -> 160.4379
A281: 42461 | B281: A | C281: 172 | D281: =SOJA!D281 -> 14.4095 | E281: =SOJA!E281 -> 17.182119 | F281: =+(C281*(D281/E281))/(AVERAGE(C$109)*AVERAGE(D$109)/AVERAGE(E$109))*100 -> 146.17466 | G281: =+E281/AVERAGE(E$2:E$13) -> 17.182119 | H281: =+(C281*D281)/G281 -> 144.24496 | I281: 0 | J281: =+F281*(1-I281)/(F$109*(1-I$109))*100 -> 146.17466 | K281: =+H281*(1-I281) -> 144.24496 | L281: =+L280 -> 104.72558 | M281: =+M280 -> 160.4379
A282: 42491 | B282: M | C282: 183 | D282: =SOJA!D282 -> 14.137724 | E282: =SOJA!E282 -> 17.902634 | F282: =+(C282*(D282/E282))/(AVERAGE(C$109)*AVERAGE(D$109)/AVERAGE(E$109))*100 -> 146.44856 | G282: =+E282/AVERAGE(E$2:E$13) -> 17.902634 | H282: =+(C282*D282)/G282 -> 144.51524 | I282: 0 | J282: =+F282*(1-I282)/(F$109*(1-I$109))*100 -> 146.44856 | K282: =+H282*(1-I282) -> 144.51524 | L282: =+L281 -> 104.72558 | M282: =+M281 -> 160.4379
A283: 42522 | B283: J | C283: 196 | D283: =SOJA!D283 -> 14.1408 | E283: =SOJA!E283 -> 18.453286 | F283: =+(C283*(D283/E283))/(AVERAGE(C$109)*AVERAGE(D$109)/AVERAGE(E$109))*100 -> 152.20461 | G283: =+E283/AVERAGE(E$2:E$13) -> 18.453286 | H283: =+(C283*D283)/G283 -> 150.1953 | I283: 0 | J283: =+F283*(1-I283)/(F$109*(1-I$109))*100 -> 152.20461 | K283: =+H283*(1-I283) -> 150.1953 | L283: =+L282 -> 104.72558 | M283: =+M282 -> 160.4379
A284: 42552 | B284: J | C284: 179 | D284: =SOJA!D284 -> 14.909385 | E284: =SOJA!E284 -> 18.830984 | F284: =+(C284*(D284/E284))/(AVERAGE(C$109)*AVERAGE(D$109)/AVERAGE(E$109))*100 -> 143.61877 | G284: =+E284/AVERAGE(E$2:E$13) -> 18.830984 | H284: =+(C284*D284)/G284 -> 141.72281 | I284: 0 | J284: =+F284*(1-I284)/(F$109*(1-I$109))*100 -> 143.61877 | K284: =+H284*(1-I284) -> 141.72281 | L284: =+L283 -> 104.72558 | M284: =+M283 -> 160.4379
A285: 42583 | B285: A | C285: 177 | D285: =SOJA!D285 -> 14.849809 | E285: =SOJA!E285 -> 18.869025 | F285: =+(C285*(D285/E285))/(AVERAGE(C$109)*AVERAGE(D$109)/AVERAGE(E$109))*100 -> 141.16146 | G285: =+E285/AVERAGE(E$2:E$13) -> 18.869025 | H285: =+(C285*D285)/G285 -> 139.29793 | I285: 0 | J285: =+F285*(1-I285)/(F$109*(1-I$109))*100 -> 141.16146 | K285: =+H285*(1-I285) -> 139.29793 | L285: =+L284 -> 104.72558 | M285: =+M284 -> 160.4379
A286: 42614 | B286: S | C286: 171 | D286: =SOJA!D286 -> 15.100736 | E286: =SOJA!E286 -> 19.085846 | F286: =+(C286*(D286/E286))/(AVERAGE(C$109)*AVERAGE(D$109)/AVERAGE(E$109))*100 -> 137.10531 | G286: =+E286/AVERAGE(E$2:E$13) -> 19.085846 | H286: =+(C286*D286)/G286 -> 135.29533 | I286: 0 | J286: =+F286*(1-I286)/(F$109*(1-I$109))*100 -> 137.10531 | K286: =+H286*(1-I286) -> 135.29533 | L286: =+L285 -> 104.72558 | M286: =+M285 -> 160.4379
A287: 42644 | B287: O | C287: 175 | D287: =SOJA!D287 -> 15.181 | E287: =SOJA!E287 -> 19.536155 | F287: =+(C287*(D287/E287))/(AVERAGE(C$109)*AVERAGE(D$109)/AVERAGE(E$109))*100 -> 137.80685 | G287: =+E287/AVERAGE(E$2:E$13) -> 19.536155 | H287: =+(C287*D287)/G287 -> 135.98761 | I287: 0 | J287: =+F287*(1-I287)/(F$109*(1-I$109))*100 -> 137.80685 | K287: =+H287*(1-I287) -> 135.98761 | L287: =+L286 -> 104.72558 | M287: =+M286 -> 160.4379
A288: 42675 | B288: N | C288: 177 | D288: =SOJA!D288 -> 15.3399 | E288: =SOJA!E288 -> 19.85234 | F288: =+(C288*(D288/E288))/(AVERAGE(C$109)*AVERAGE(D$109)/AVERAGE(E$109))*100 -> 138.59755 | G288: =+E288/AVERAGE(E$2:E$13) -> 19.85234 | H288: =+(C288*D288)/G288 -> 136.76787 | I288: 0 | J288: =+F288*(1-I288)/(F$109*(1-I$109))*100 -> 138.59755 | K288: =+H288*(1-I288) -> 136.76787 | L288: =+L287 -> 104.72558 | M288: =+M287 -> 160.4379
A289: 42705 | B289: D-16 | C289: 181 | D289: =SOJA!D289 -> 15.8296 | E289: =SOJA!E289 -> 20.090072 | F289: =+(C289*(D289/E289))/(AVERAGE(C$109)*AVERAGE(D$109)/AVERAGE(E$109))*100 -> 144.5235 | G289: =+E289/AVERAGE(E$2:E$13) -> 20.090072 | H289: =+(C289*D289)/G289 -> 142.61559 | I289: 0 | J289: =+F289*(1-I289)/(F$109*(1-I$109))*100 -> 144.5235 | K289: =+H289*(1-I289) -> 142.61559 | L289: =+L288 -> 104.72558 | M289: =+M288 -> 160.4379
... A291: 42767 | B291: F | C291: 183 | D291: =SOJA!D291 -> 14.137724 | E291: =SOJA!E291 -> 20.840155 | F291: =+(C291*(D291/E291))/(AVERAGE(C$109)*AVERAGE(D$109)/AVERAGE(E$109))*100 -> 125.80593 | G291: =+E291/AVERAGE(E$2:E$13) -> 20.840155 | H291: =+(C291*D291)/G291 -> 124.14511 | I291: 0 | J291: =+F291*(1-I291)/(F$109*(1-I$109))*100 -> 125.80593 | K291: =+H291*(1-I291) -> 124.14511 | L291: =+L290 -> 104.72558 | M291: =+M290 -> 160.4379
A292: 42795 | B292: M | C292: 163.90909 | D292: =SOJA!D292 -> 14.1408 | E292: =SOJA!E292 -> 21.340319 | F292: =+(C292*(D292/E292))/(AVERAGE(C$109)*AVERAGE(D$109)/AVERAGE(E$109))*100 -> 110.06458 | G292: =+E292/AVERAGE(E$2:E$13) -> 21.340319 | H292: =+(C292*D292)/G292 -> 108.61158 | I292: =+I291 -> 0 | J292: =+F292*(1-I292)/(F$109*(1-I$109))*100 -> 110.06458 | K292: =+H292*(1-I292) -> 108.61158 | L292: =+L291 -> 104.72558 | M292: =+M291 -> 160.4379
A293: 42826 | B293: A | C293: 164 | D293: =SOJA!D293 -> 14.909385 | E293: =SOJA!E293 -> 21.916508 | F293: =+(C293*(D293/E293))/(AVERAGE(C$109)*AVERAGE(D$109)/AVERAGE(E$109))*100 -> 113.05862 | G293: =+E293/AVERAGE(E$2:E$13) -> 21.916508 | H293: =+(C293*D293)/G293 -> 111.56609 | I293: =+I292 -> 0 | J293: =+F293*(1-I293)/(F$109*(1-I$109))*100 -> 113.05862 | K293: =+H293*(1-I293) -> 111.56609 | L293: =+L292 -> 104.72558 | M293: =+M292 -> 160.4379
A294: 42856 | B294: M | C294: 161 | D294: =SOJA!D294 -> 14.849809 | E294: =SOJA!E294 -> 22.223339 | F294: =+(C294*(D294/E294))/(AVERAGE(C$109)*AVERAGE(D$109)/AVERAGE(E$109))*100 -> 109.02069 | G294: =+E294/AVERAGE(E$2:E$13) -> 22.223339 | H294: =+(C294*D294)/G294 -> 107.58146 | I294: =+I293 -> 0 | J294: =+F294*(1-I294)/(F$109*(1-I$109))*100 -> 109.02069 | K294: =+H294*(1-I294) -> 107.58146 | L294: =+L293 -> 104.72558 | M294: =+M293 -> 160.4379
A295: 42887 | B295: J | C295: 162 | D295: =SOJA!D295 -> 15.100736 | E295: =SOJA!E295 -> 22.490019 | F295: =+(C295*(D295/E295))/(AVERAGE(C$109)*AVERAGE(D$109)/AVERAGE(E$109))*100 -> 110.22873 | G295: =+E295/AVERAGE(E$2:E$13) -> 22.490019 | H295: =+(C295*D295)/G295 -> 108.77356 | I295: =+I294 -> 0 | J295: =+F295*(1-I295)/(F$109*(1-I$109))*100 -> 110.22873 | K295: =+H295*(1-I295) -> 108.77356 | L295: =+L294 -> 104.72558 | M295: =+M294 -> 160.4379
A296: 42917 | B296: J | C296: 149 | D296: =SOJA!D296 -> 15.181 | E296: =SOJA!E296 -> 22.872349 | F296: =+(C296*(D296/E296))/(AVERAGE(C$109)*AVERAGE(D$109)/AVERAGE(E$109))*100 -> 100.21837 | G296: =+E296/AVERAGE(E$2:E$13) -> 22.872349 | H296: =+(C296*D296)/G296 -> 98.895352 | I296: =+I295 -> 0 | J296: =+F296*(1-I296)/(F$109*(1-I$109))*100 -> 100.21837 | K296: =+H296*(1-I296) -> 98.895352 | L296: =+L295 -> 104.72558 | M296: =+M295 -> 160.4379
A297: 42948 | B297: A | C297: 149.40909 | D297: =SOJA!D297 -> 15.3399 | E297: =SOJA!E297 -> 23.192562 | F297: =+(C297*(D297/E297))/(AVERAGE(C$109)*AVERAGE(D$109)/AVERAGE(E$109))*100 -> 100.14339 | G297: =+E297/AVERAGE(E$2:E$13) -> 23.192562 | H297: =+(C297*D297)/G297 -> 98.82136 | I297: =+I296 -> 0 | J297: =+F297*(1-I297)/(F$109*(1-I$109))*100 -> 100.14339 | K297: =+H297*(1-I297) -> 98.82136 | L297: =+L296 -> 104.72558 | M297: =+M296 -> 160.4379
A298: 42979 | B298: S | C298: 150 | D298: =SOJA!D298 -> 15.8296 | E298: =SOJA!E298 -> 23.633221 | F298: =+(C298*(D298/E298))/(AVERAGE(C$109)*AVERAGE(D$109)/AVERAGE(E$109))*100 -> 101.81453 | G298: =+E298/AVERAGE(E$2:E$13) -> 23.633221 | H298: =+(C298*D298)/G298 -> 100.47044 | I298: =+I297 -> 0 | J298: =+F298*(1-I298)/(F$109*(1-I$109))*100 -> 101.81453 | K298: =+H298*(1-I298) -> 100.47044 | L298: =+L297 -> 104.72558 | M298: =+M297 -> 160.4379
A299: 43009 | B299: O | C299: 149 | D299: =SOJA!D299 -> 15.9065 | E299: =SOJA!E299 -> 23.987719 | F299: =+(C299*(D299/E299))/(AVERAGE(C$109)*AVERAGE(D$109)/AVERAGE(E$109))*100 -> 100.1252 | G299: =+E299/AVERAGE(E$2:E$13) -> 23.987719 | H299: =+(C299*D299)/G299 -> 98.803413 | I299: =+I298 -> 0 | J299: =+F299*(1-I299)/(F$109*(1-I$109))*100 -> 100.1252 | K299: =+H299*(1-I299) -> 98.803413 | L299: =+L298 -> 104.72558 | M299: =+M298 -> 160.4379
A300: 43040 | B300: N | C300: 150 | D300: =SOJA!D300 -> 15.5983 | E300: =SOJA!E300 -> 24.323547 | F300: =+(C300*(D300/E300))/(AVERAGE(C$109)*AVERAGE(D$109)/AVERAGE(E$109))*100 -> 97.479454 | G300: =+E300/AVERAGE(E$2:E$13) -> 24.323547 | H300: =+(C300*D300)/G300 -> 96.192591 | I300: =+I299 -> 0 | J300: =+F300*(1-I300)/(F$109*(1-I$109))*100 -> 97.479454 | K300: =+H300*(1-I300) -> 96.192591 | L300: =+L299 -> 104.72558 | M300: =+M299 -> 160.4379
A301: 43070 | B301: D-17 | C301: 158 | D301: =SOJA!D301 -> 15.5237 | E301: =SOJA!E301 -> 25.077577 | F301: =+(C301*(D301/E301))/(AVERAGE(C$109)*AVERAGE(D$109)/AVERAGE(E$109))*100 -> 99.114734 | G301: =+E301/AVERAGE(E$2:E$13) -> 25.077577 | H301: =+(C301*D301)/G301 -> 97.806284 | I301: =+I300 -> 0 | J301: =+F301*(1-I301)/(F$109*(1-I$109))*100 -> 99.114734 | K301: =+H301*(1-I301) -> 97.806284 | L301: =+L300 -> 104.72558 | M301: =+M300 -> 160.4379
A302: 43101 | B302: E-18 | C302: 164 | D302: =SOJA!D302 -> 19.029036 | E302: =SOJA!E302 -> 25.528973 | F302: =+(C302*(D302/E302))/(AVERAGE(C$109)*AVERAGE(D$109)/AVERAGE(E$109))*100 -> 123.8793 | G302: =+E302/AVERAGE(E$2:E$13) -> 25.528973 | H302: =+(C302*D302)/G302 -> 122.24393 | I302: =+I301 -> 0 | J302: =+F302*(1-I302)/(F$109*(1-I$109))*100 -> 123.8793 | K302: =+H302*(1-I302) -> 122.24393 | L302: =+L301 -> 104.72558 | M302: =+M301 -> 160.4379
A303: 43132 | B303: F | C303: 170 | D303: =SOJA!D303 -> 19.840928 | E303: =SOJA!E303 -> 26.141669 | F303: =+(C303*(D303/E303))/(AVERAGE(C$109)*AVERAGE(D$109)/AVERAGE(E$109))*100 -> 130.75222 | G303: =+E303/AVERAGE(E$2:E$13) -> 26.141669 | H303: =+(C303*D303)/G303 -> 129.02611 | I303: =+I302 -> 0 | J303: =+F303*(1-I303)/(F$109*(1-I$109))*100 -> 130.75222 | K303: =+H303*(1-I303) -> 129.02611 | L303: =+L302 -> 104.72558 | M303: =+M302 -> 160.4379
... A306: 43221 | B306: M | C306: 197 | D306: =SOJA!D306 -> 23.6687 | E306: =SOJA!E306 -> 28.041751 | F306: =+(C306*(D306/E306))/(AVERAGE(C$109)*AVERAGE(D$109)/AVERAGE(E$109))*100 -> 168.50274 | G306: =+E306/AVERAGE(E$2:E$13) -> 28.041751 | H306: =+(C306*D306)/G306 -> 166.27827 | I306: =+I305 -> 0 | J306: =+F306*(1-I306)/(F$109*(1-I$109))*100 -> 168.50274 | K306: =+H306*(1-I306) -> 166.27827 | L306: =+L305 -> 104.72558 | M306: =+M305 -> 160.4379
A307: 43252 | B307: J | C307: 172 | D307: =SOJA!D307 -> 26.5342 | E307: =SOJA!E307 -> 29.079296 | F307: =+(C307*(D307/E307))/(AVERAGE(C$109)*AVERAGE(D$109)/AVERAGE(E$109))*100 -> 159.04574 | G307: =+E307/AVERAGE(E$2:E$13) -> 29.079296 | H307: =+(C307*D307)/G307 -> 156.94611 | I307: 0 | J307: =+F307*(1-I307)/(F$109*(1-I$109))*100 -> 159.04574 | K307: =+H307*(1-I307) -> 156.94611 | L307: =+L306 -> 104.72558 | M307: =+M306 -> 160.4379
A308: 43282 | B308: J | C308: 163 | D308: =SOJA!D308 -> 27.6247 | E308: =SOJA!E308 -> 29.980754 | F308: =+(C308*(D308/E308))/(AVERAGE(C$109)*AVERAGE(D$109)/AVERAGE(E$109))*100 -> 152.1998 | G308: =+E308/AVERAGE(E$2:E$13) -> 29.980754 | H308: =+(C308*D308)/G308 -> 150.19056 | I308: =+I307 -> 0 | J308: =+F308*(1-I308)/(F$109*(1-I$109))*100 -> 152.1998 | K308: =+H308*(1-I308) -> 150.19056 | L308: =+L307 -> 104.72558 | M308: =+M307 -> 160.4379
A309: 43313 | B309: A | C309: 169 | D309: =SOJA!D309 -> 30.1245 | E309: =SOJA!E309 -> 31.150003 | F309: =+(C309*(D309/E309))/(AVERAGE(C$109)*AVERAGE(D$109)/AVERAGE(E$109))*100 -> 165.62272 | G309: =+E309/AVERAGE(E$2:E$13) -> 31.150003 | H309: =+(C309*D309)/G309 -> 163.43628 | I309: =+I308 -> 0 | J309: =+F309*(1-I309)/(F$109*(1-I$109))*100 -> 165.62272 | K309: =+H309*(1-I309) -> 163.43628 | L309: =+L308 -> 104.72558 | M309: =+M308 -> 160.4379
A310: 43344 | B310: S | C310: 162 | D310: =SOJA!D310 -> 38.59 | E310: =SOJA!E310 -> 33.174753 | F310: =+(C310*(D310/E310))/(AVERAGE(C$109)*AVERAGE(D$109)/AVERAGE(E$109))*100 -> 190.9649 | G310: =+E310/AVERAGE(E$2:E$13) -> 33.174753 | H310: =+(C310*D310)/G310 -> 188.4439 | I310: =4/D310 -> 0.1036538 | J310: =+F310*(1-I310)/(F$109*(1-I$109))*100 -> 171.17067 | K310: =+H310*(1-I310) -> 168.91098 | L310: =+L309 -> 104.72558 | M310: =+M309 -> 160.4379
A311: 43374 | B311: O | C311: 166 | D311: =SOJA!D311 -> 37.1202 | E311: =SOJA!E311 -> 34.96619 | F311: =+(C311*(D311/E311))/(AVERAGE(C$109)*AVERAGE(D$109)/AVERAGE(E$109))*100 -> 178.58359 | G311: =+E311/AVERAGE(E$2:E$13) -> 34.96619 | H311: =+(C311*D311)/G311 -> 176.22604 | I311: =4/D311 -> 0.10775804 | J311: =+F311*(1-I311)/(F$109*(1-I$109))*100 -> 159.33977 | K311: =+H311*(1-I311) -> 157.23627 | L311: =+L310 -> 104.72558 | M311: =+M310 -> 160.4379
A312: 43405 | B312: N | C312: 164 | D312: =SOJA!D312 -> 36.459 | E312: =SOJA!E312 -> 36.085108 | F312: =+(C312*(D312/E312))/(AVERAGE(C$109)*AVERAGE(D$109)/AVERAGE(E$109))*100 -> 167.91599 | G312: =+E312/AVERAGE(E$2:E$13) -> 36.085108 | H312: =+(C312*D312)/G312 -> 165.69927 | I312: =4/D312 -> 0.10971228 | J312: =+F312*(1-I312)/(F$109*(1-I$109))*100 -> 149.49354 | K312: =+H312*(1-I312) -> 147.52002 | L312: =+L311 -> 104.72558 | M312: =+M311 -> 160.4379
A313: 43435 | B313: D-18 | C313: 170 | D313: =SOJA!D313 -> 37.8852 | E313: =SOJA!E313 -> 37.023321 | F313: =+(C313*(D313/E313))/(AVERAGE(C$109)*AVERAGE(D$109)/AVERAGE(E$109))*100 -> 176.28469 | G313: =+E313/AVERAGE(E$2:E$13) -> 37.023321 | H313: =+(C313*D313)/G313 -> 173.95749 | I313: =4/D313 -> 0.10558213 | J313: =+F313*(1-I313)/(F$109*(1-I$109))*100 -> 157.67218 | K313: =+H313*(1-I313) -> 155.59069 | L313: =+L312 -> 104.72558 | M313: =+M312 -> 160.4379
A314: 43466 | B314: E-19 | C314: 173 | D314: =SOJA!D314 -> 37.4069 | E314: =SOJA!E314 -> 38.096997 | F314: =+(C314*(D314/E314))/(AVERAGE(C$109)*AVERAGE(D$109)/AVERAGE(E$109))*100 -> 172.13871 | G314: =+E314/AVERAGE(E$2:E$13) -> 38.096997 | H314: =+(C314*D314)/G314 -> 169.86624 | I314: =4/D314 -> 0.10693214 | J314: =+F314*(1-I314)/(F$109*(1-I$109))*100 -> 153.73155 | K314: =+H314*(1-I314) -> 151.70208 | L314: =+L313 -> 104.72558 | M314: =+M313 -> 160.4379
A315: 43497 | B315: F | C315: 170 | D315: =SOJA!D315 -> 38.4086 | E315: =SOJA!E315 -> 39.544683 | F315: =+(C315*(D315/E315))/(AVERAGE(C$109)*AVERAGE(D$109)/AVERAGE(E$109))*100 -> 167.32497 | G315: =+E315/AVERAGE(E$2:E$13) -> 39.544683 | H315: =+(C315*D315)/G315 -> 165.11605 | I315: =4/D315 -> 0.10414334 | J315: =+F315*(1-I315)/(F$109*(1-I$109))*100 -> 149.89919 | K315: =+H315*(1-I315) -> 147.92032 | L315: =+L314 -> 104.72558 | M315: =+M314 -> 160.4379
A316: 43525 | B316: M | C316: 163 | D316: =SOJA!D316 -> 41.3624 | E316: =SOJA!E316 -> 41.403283 | F316: =+(C316*(D316/E316))/(AVERAGE(C$109)*AVERAGE(D$109)/AVERAGE(E$109))*100 -> 165.01751 | G316: =+E316/AVERAGE(E$2:E$13) -> 41.403283 | H316: =+(C316*D316)/G316 -> 162.83905 | I316: =4/D316 -> 0.096706187 | J316: =+F316*(1-I316)/(F$109*(1-I$109))*100 -> 149.05929 | K316: =+H316*(1-I316) -> 147.0915 | L316: =+L315 -> 104.72558 | M316: =+M315 -> 160.4379
A317: 43556 | B317: A | C317: 156 | D317: =SOJA!D317 -> 43.2338 | E317: =SOJA!E317 -> 42.810995 | F317: =+(C317*(D317/E317))/(AVERAGE(C$109)*AVERAGE(D$109)/AVERAGE(E$109))*100 -> 159.64825 | G317: =+E317/AVERAGE(E$2:E$13) -> 42.810995 | H317: =+(C317*D317)/G317 -> 157.54067 | I317: =4/D317 -> 0.092520204 | J317: =+F317*(1-I317)/(F$109*(1-I$109))*100 -> 144.87756 | K317: =+H317*(1-I317) -> 142.96498 | L317: =+L316 -> 104.72558 | M317: =+M316 -> 160.4379
A318: 43586 | B318: M | C318: 165 | D318: =SOJA!D318 -> 44.9332 | E318: =SOJA!E318 -> 44.138136 | F318: =+(C318*(D318/E318))/(AVERAGE(C$109)*AVERAGE(D$109)/AVERAGE(E$109))*100 -> 170.21929 | G318: =+E318/AVERAGE(E$2:E$13) -> 44.138136 | H318: =+(C318*D318)/G318 -> 167.97216 | I318: =4/D318 -> 0.089021036 | J318: =+F318*(1-I318)/(F$109*(1-I$109))*100 -> 155.06619 | K318: =+H318*(1-I318) -> 153.0191 | L318: =+L317 -> 104.72558 | M318: =+M317 -> 160.4379
A319: 43617 | B319: J | C319: 182 | D319: =SOJA!D319 -> 43.7894 | E319: =SOJA!E319 -> 45.329865 | F319: =+(C319*(D319/E319))/(AVERAGE(C$109)*AVERAGE(D$109)/AVERAGE(E$109))*100 -> 178.16706 | G319: =+E319/AVERAGE(E$2:E$13) -> 45.329865 | H319: =+(C319*D319)/G319 -> 175.81501 | I319: =4/D319 -> 0.091346308 | J319: =+F319*(1-I319)/(F$109*(1-I$109))*100 -> 161.89216 | K319: =+H319*(1-I319) -> 159.75496 | L319: =+L318 -> 104.72558 | M319: =+M318 -> 160.4379
A320: 43647 | B320: J | C320: 175 | D320: =SOJA!D320 -> 42.5434 | E320: =SOJA!E320 -> 46.327122 | F320: =+(C320*(D320/E320))/(AVERAGE(C$109)*AVERAGE(D$109)/AVERAGE(E$109))*100 -> 162.85698 | G320: =+E320/AVERAGE(E$2:E$13) -> 46.327122 | H320: =+(C320*D320)/G320 -> 160.70705 | I320: =4/D320 -> 0.094021634 | J320: =+F320*(1-I320)/(F$109*(1-I$109))*100 -> 147.5449 | K320: =+H320*(1-I320) -> 145.59711 | L320: =+L319 -> 104.72558 | M320: =+M319 -> 160.4379
A321: 43678 | B321: A | C321: 153 | D321: =SOJA!D321 -> 52.7271 | E321: =SOJA!E321 -> 48.180207 | F321: =+(C321*(D321/E321))/(AVERAGE(C$109)*AVERAGE(D$109)/AVERAGE(E$109))*100 -> 169.67901 | G321: =+E321/AVERAGE(E$2:E$13) -> 48.180207 | H321: =+(C321*D321)/G321 -> 167.43901 | I321: =4/D321 -> 0.075862317 | J321: =+F321*(1-I321)/(F$109*(1-I$109))*100 -> 156.80677 | K321: =+H321*(1-I321) -> 154.7367 | L321: =+L320 -> 104.72558 | M321: =+M320 -> 160.4379
... A324: 43770 | B324: N | C324: 166 | D324: =SOJA!D324 -> 59.7381 | E324: =SOJA!E324 -> 54.972977 | F324: =+(C324*(D324/E324))/(AVERAGE(C$109)*AVERAGE(D$109)/AVERAGE(E$109))*100 -> 182.80232 | G324: =+E324/AVERAGE(E$2:E$13) -> 54.972977 | H324: =+(C324*D324)/G324 -> 180.38908 | I324: =4/D324 -> 0.066958942 | J324: =+F324*(1-I324)/(F$109*(1-I$109))*100 -> 170.56207 | K324: =+H324*(1-I324) -> 168.31042 | L324: =+L323 -> 104.72558 | M324: =+M323 -> 160.4379
...

Sheet GIRASOL
C1: FOB USD/Ton | D1: com3500 $/USD | E1: IPC 1993=1 | F1: INDICE FOB*FX/IPC todo base 1993 (1) | G1: FX 1993=1 | H1: Precio FOB*FX/(IPC 1993=1) = FOB REAL | I1: DEX | J1: (1)*(1-DEX) | K1: FOB REAL*(1-DEX) = PRP
A2: 33970 | B2: E-93 | C2: 210 | D2: =MAIZ!D2 -> 0.99874 | E2: =MAIZ!E2 -> 0.96122511 | F2: =+(C2*(D2/E2))/(AVERAGE(C$109)*AVERAGE(D$109)/AVERAGE(E$109))*100 -> 85.312065 | G2: =+E2/AVERAGE(E$2:E$13) -> 0.96122511 | H2: =+(C2*D2)/G2 -> 218.19592 | I2: 0.035 | J2: =+F2*(1-I2)/(F$109*(1-I$109))*100 -> 85.312065 | K2: =+H2*(1-I2) -> 210.55907 | L2: =+AVERAGE(K2:K109) -> 209.55183 | M2: =+AVERAGE(K110:K277) -> 324.61507
A3: 34001 | B3: F | C3: 211 | D3: =MAIZ!D3 -> 0.999155 | E3: =MAIZ!E3 -> 0.96824627 | F3: =+(C3*(D3/E3))/(AVERAGE(C$109)*AVERAGE(D$109)/AVERAGE(E$109))*100 -> 85.132093 | G3: =+E3/AVERAGE(E$2:E$13) -> 0.96824627 | H3: =+(C3*D3)/G3 -> 217.73562 | I3: =+I2 -> 0.035 | J3: =+F3*(1-I3)/(F$109*(1-I$109))*100 -> 85.132093 | K3: =+H3*(1-I3) -> 210.11488 | L3: =+L2 -> 209.55183 | M3: =+M2 -> 324.61507
A4: 34029 | B4: M | C4: 210 | D4: =MAIZ!D4 -> 0.999687 | E4: =MAIZ!E4 -> 0.97552607 | F4: =+(C4*(D4/E4))/(AVERAGE(C$109)*AVERAGE(D$109)/AVERAGE(E$109))*100 -> 84.141119 | G4: =+E4/AVERAGE(E$2:E$13) -> 0.97552607 | H4: =+(C4*D4)/G4 -> 215.20109 | I4: =+I3 -> 0.035 | J4: =+F4*(1-I4)/(F$109*(1-I$109))*100 -> 84.141119 | K4: =+H4*(1-I4) -> 207.66905 | L4: =+L3 -> 209.55183 | M4: =+M3 -> 324.61507
A5: 34060 | B5: A | C5: 225 | D5: =MAIZ!D5 -> 0.99916 | E5: =MAIZ!E5 -> 0.98572347 | F5: =+(C5*(D5/E5))/(AVERAGE(C$109)*AVERAGE(D$109)/AVERAGE(E$109))*100 -> 89.171543 | G5: =+E5/AVERAGE(E$2:E$13) -> 0.98572347 | H5: =+(C5*D5)/G5 -> 228.06701 | I5: =+I4 -> 0.035 | J5: =+F5*(1-I5)/(F$109*(1-I$109))*100 -> 89.171543 | K5: =+H5*(1-I5) -> 220.08466 | L5: =+L4 -> 209.55183 | M5: =+M4 -> 324.61507
A6: 34090 | B6: M | C6: 245 | D6: =MAIZ!D6 -> 0.999395 | E6: =MAIZ!E6 -> 0.99840532 | F6: =+(C6*(D6/E6))/(AVERAGE(C$109)*AVERAGE(D$109)/AVERAGE(E$109))*100 -> 95.887102 | G6: =+E6/AVERAGE(E$2:E$13) -> 0.99840532 | H6: =+(C6*D6)/G6 -> 245.24286 | I6: =+I5 -> 0.035 | J6: =+F6*(1-I6)/(F$109*(1-I$109))*100 -> 95.887102 | K6: =+H6*(1-I6) -> 236.65936 | L6: =+L5 -> 209.55183 | M6: =+M5 -> 324.61507
A7: 34121 | B7: J | C7: 248 | D7: =MAIZ!D7 -> 0.9992857 | E7: =MAIZ!E7 -> 1.005587 | F7: =+(C7*(D7/E7))/(AVERAGE(C$109)*AVERAGE(D$109)/AVERAGE(E$109))*100 -> 96.357505 | G7: =+E7/AVERAGE(E$2:E$13) -> 1.005587 | H7: =+(C7*D7)/G7 -> 246.44597 | I7: =+I6 -> 0.035 | J7: =+F7*(1-I7)/(F$109*(1-I$109))*100 -> 96.357505 | K7: =+H7*(1-I7) -> 237.82036 | L7: =+L6 -> 209.55183 | M7: =+M6 -> 324.61507
A8: 34151 | B8: J | C8: 255 | D8: =MAIZ!D8 -> 0.9989238 | E8: =MAIZ!E8 -> 1.0088218 | F8: =+(C8*(D8/E8))/(AVERAGE(C$109)*AVERAGE(D$109)/AVERAGE(E$109))*100 -> 98.723808 | G8: =+E8/AVERAGE(E$2:E$13) -> 1.0088218 | H8: =+(C8*D8)/G8 -> 252.49808 | I8: =+I7 -> 0.035 | J8: =+F8*(1-I8)/(F$109*(1-I$109))*100 -> 98.723808 | K8: =+H8*(1-I8) -> 243.66064 | L8: =+L7 -> 209.55183 | M8: =+M7 -> 324.61507
A9: 34182 | B9: A | C9: 250 | D9: =MAIZ!D9 -> 1.000175 | E9: =MAIZ!E9 -> 1.0089836 | F9: =+(C9*(D9/E9))/(AVERAGE(C$109)*AVERAGE(D$109)/AVERAGE(E$109))*100 -> 96.893737 | G9: =+E9/AVERAGE(E$2:E$13) -> 1.0089836 | H9: =+(C9*D9)/G9 -> 247.81745 | I9: =+I8 -> 0.035 | J9: =+F9*(1-I9)/(F$109*(1-I$109))*100 -> 96.893737 | K9: =+H9*(1-I9) -> 239.14384 | L9: =+L8 -> 209.55183 | M9: =+M8 -> 324.61507
A10: 34213 | B10: S | C10: 258 | D10: =MAIZ!D10 -> 1.0010095 | E10: =MAIZ!E10 -> 1.0172986 | F10: =+(C10*(D10/E10))/(AVERAGE(C$109)*AVERAGE(D$109)/AVERAGE(E$109))*100 -> 99.259773 | G10: =+E10/AVERAGE(E$2:E$13) -> 1.0172986 | H10: =+(C10*D10)/G10 -> 253.86887 | I10: =+I9 -> 0.035 | J10: =+F10*(1-I10)/(F$109*(1-I$109))*100 -> 99.259773 | K10: =+H10*(1-I10) -> 244.98346 | L10: =+L9 -> 209.55183 | M10: =+M9 -> 324.61507
A11: 34243 | B11: O | C11: 255 | D11: =MAIZ!D11 -> 0.999515 | E11: =MAIZ!E11 -> 1.0230491 | F11: =+(C11*(D11/E11))/(AVERAGE(C$109)*AVERAGE(D$109)/AVERAGE(E$109))*100 -> 97.408499 | G11: =+E11/AVERAGE(E$2:E$13) -> 1.0230491 | H11: =+(C11*D11)/G11 -> 249.13402 | I11: =+I10 -> 0.035 | J11: =+F11*(1-I11)/(F$109*(1-I$109))*100 -> 97.408499 | K11: =+H11*(1-I11) -> 240.41433 | L11: =+L10 -> 209.55183 | M11: =+M10 -> 324.61507
A12: 34274 | B12: N | C12: 261 | D12: =MAIZ!D12 -> 0.998519 | E12: =MAIZ!E12 -> 1.023634 | F12: =+(C12*(D12/E12))/(AVERAGE(C$109)*AVERAGE(D$109)/AVERAGE(E$109))*100 -> 99.5442 | G12: =+E12/AVERAGE(E$2:E$13) -> 1.023634 | H12: =+(C12*D12)/G12 -> 254.59633 | I12: =+I11 -> 0.035 | J12: =+F12*(1-I12)/(F$109*(1-I$109))*100 -> 99.5442 | K12: =+H12*(1-I12) -> 245.68546 | L12: =+L11 -> 209.55183 | M12: =+M11 -> 324.61507
A13: 34304 | B13: D-93 | C13: 308 | D13: =MAIZ!D13 -> 0.9985952 | E13: =MAIZ!E13 -> 1.0234997 | F13: =+(C13*(D13/E13))/(AVERAGE(C$109)*AVERAGE(D$109)/AVERAGE(E$109))*100 -> 117.49417 | G13: =+E13/AVERAGE(E$2:E$13) -> 1.0234997 | H13: =+(C13*D13)/G13 -> 300.50554 | I13: =+I12 -> 0.035 | J13: =+F13*(1-I13)/(F$109*(1-I$109))*100 -> 117.49417 | K13: =+H13*(1-I13) -> 289.98785 | L13: =+L12 -> 209.55183 | M13: =+M12 -> 324.61507
A14: 34335 | B14: E-94 | C14: 290 | D14: =MAIZ!D14 -> 0.9985714 | E14: =MAIZ!E14 -> 1.0245302 | F14: =+(C14*(D14/E14))/(AVERAGE(C$109)*AVERAGE(D$109)/AVERAGE(E$109))*100 -> 110.51372 | G14: =+E14/AVERAGE(E$2:E$13) -> 1.0245302 | H14: =+(C14*D14)/G14 -> 282.6522 | I14: =+I13 -> 0.035 | J14: =+F14*(1-I14)/(F$109*(1-I$109))*100 -> 110.51372 | K14: =+H14*(1-I14) -> 272.75938 | L14: =+L13 -> 209.55183 | M14: =+M13 -> 324.61507
... A110: 37257 | B110: E-02 | C110: 245 | D110: =MAIZ!D110 -> 1.6072727 | E110: =MAIZ!E110 -> 1.0713715 | F110: =+(C110*(D110/E110))/(AVERAGE(C$109)*AVERAGE(D$109)/AVERAGE(E$109))*100 -> 143.70749 | G110: =+E110/AVERAGE(E$2:E$13) -> 1.0713715 | H110: =+(C110*D110)/G110 -> 367.54929 | I110: =+I109 -> 0.035 | J110: =+F110*(1-I110)/(F$109*(1-I$109))*100 -> 143.70749 | K110: =+H110*(1-I110) -> 354.68506 | L110: =+L109 -> 209.55183 | M110: =+M109 -> 324.61507
A111: 37288 | B111: F | C111: 241 | D111: =MAIZ!D111 -> 2.128 | E111: =MAIZ!E111 -> 1.1049591 | F111: =+(C111*(D111/E111))/(AVERAGE(C$109)*AVERAGE(D$109)/AVERAGE(E$109))*100 -> 181.4706 | G111: =+E111/AVERAGE(E$2:E$13) -> 1.1049591 | H111: =+(C111*D111)/G111 -> 464.133 | I111: 0.135 | J111: =+F111*(1-I111)/(F$109*(1-I$109))*100 -> 162.66536 | K111: =+H111*(1-I111) -> 401.47505 | L111: =+L110 -> 209.55183 | M111: =+M110 -> 324.61507
A112: 37316 | B112: M | C112: 232 | D112: =MAIZ!D112 -> 2.5452632 | E112: =MAIZ!E112 -> 1.1487411 | F112: =+(C112*(D112/E112))/(AVERAGE(C$109)*AVERAGE(D$109)/AVERAGE(E$109))*100 -> 200.98439 | G112: =+E112/AVERAGE(E$2:E$13) -> 1.1487411 | H112: =+(C112*D112)/G112 -> 514.04188 | I112: =+I111 -> 0.135 | J112: =+F112*(1-I112)/(F$109*(1-I$109))*100 -> 180.15699 | K112: =+H112*(1-I112) -> 444.64622 | L112: =+L111 -> 209.55183 | M112: =+M111 -> 324.61507
A113: 37347 | B113: A | C113: 230 | D113: =MAIZ!D113 -> 3.0331818 | E113: =MAIZ!E113 -> 1.2680686 | F113: =+(C113*(D113/E113))/(AVERAGE(C$109)*AVERAGE(D$109)/AVERAGE(E$109))*100 -> 215.10344 | G113: =+E113/AVERAGE(E$2:E$13) -> 1.2680686 | H113: =+(C113*D113)/G113 -> 550.15307 | I113: 0.235 | J113: =+F113*(1-I113)/(F$109*(1-I$109))*100 -> 170.52242 | K113: =+H113*(1-I113) -> 420.8671 | L113: =+L112 -> 209.55183 | M113: =+M112 -> 324.61507
A114: 37377 | B114: M | C114: 228 | D114: =MAIZ!D114 -> 3.4422727 | E114: =MAIZ!E114 -> 1.318933 | F114: =+(C114*(D114/E114))/(AVERAGE(C$109)*AVERAGE(D$109)/AVERAGE(E$109))*100 -> 232.65973 | G114: =+E114/AVERAGE(E$2:E$13) -> 1.318933 | H114: =+(C114*D114)/G114 -> 595.0554 | I114: =+I113 -> 0.235 | J114: =+F114*(1-I114)/(F$109*(1-I$109))*100 -> 184.4401 | K114: =+H114*(1-I114) -> 455.21738 | L114: =+L113 -> 209.55183 | M114: =+M113 -> 324.61507
A115: 37408 | B115: J | C115: 230 | D115: =MAIZ!D115 -> 3.7165 | E115: =MAIZ!E115 -> 1.3666854 | F115: =+(C115*(D115/E115))/(AVERAGE(C$109)*AVERAGE(D$109)/AVERAGE(E$109))*100 -> 244.54413 | G115: =+E115/AVERAGE(E$2:E$13) -> 1.3666854 | H115: =+(C115*D115)/G115 -> 625.45118 | I115: =+I114 -> 0.235 | J115: =+F115*(1-I115)/(F$109*(1-I$109))*100 -> 193.86141 | K115: =+H115*(1-I115) -> 478.47015 | L115: =+L114 -> 209.55183 | M115: =+M114 -> 324.61507
A116: 37438 | B116: J | C116: 230 | D116: =MAIZ!D116 -> 3.6730435 | E116: =MAIZ!E116 -> 1.4102528 | F116: =+(C116*(D116/E116))/(AVERAGE(C$109)*AVERAGE(D$109)/AVERAGE(E$109))*100 -> 234.21827 | G116: =+E116/AVERAGE(E$2:E$13) -> 1.4102528 | H116: =+(C116*D116)/G116 -> 599.04154 | I116: =+I115 -> 0.235 | J116: =+F116*(1-I116)/(F$109*(1-I$109))*100 -> 185.67562 | K116: =+H116*(1-I116) -> 458.26678 | L116: =+L115 -> 209.55183 | M116: =+M115 -> 324.61507
A117: 37469 | B117: A | C117: 233 | D117: =MAIZ!D117 -> 3.6519048 | E117: =MAIZ!E117 -> 1.4433039 | F117: =+(C117*(D117/E117))/(AVERAGE(C$109)*AVERAGE(D$109)/AVERAGE(E$109))*100 -> 230.50556 | G117: =+E117/AVERAGE(E$2:E$13) -> 1.4433039 | H117: =+(C117*D117)/G117 -> 589.54583 | I117: =+I116 -> 0.235 | J117: =+F117*(1-I117)/(F$109*(1-I$109))*100 -> 182.73238 | K117: =+H117*(1-I117) -> 451.00256 | L117: =+L116 -> 209.55183 | M117: =+M116 -> 324.61507
A118: 37500 | B118: S | C118: 235 | D118: =MAIZ!D118 -> 3.677619 | E118: =MAIZ!E118 -> 1.4627268 | F118: =+(C118*(D118/E118))/(AVERAGE(C$109)*AVERAGE(D$109)/AVERAGE(E$109))*100 -> 231.01235 | G118: =+E118/AVERAGE(E$2:E$13) -> 1.4627268 | H118: =+(C118*D118)/G118 -> 590.84203 | I118: =+I117 -> 0.235 | J118: =+F118*(1-I118)/(F$109*(1-I$109))*100 -> 183.13414 | K118: =+H118*(1-I118) -> 451.99415 | L118: =+L117 -> 209.55183 | M118: =+M117 -> 324.61507
A119: 37530 | B119: O | C119: 234 | D119: =MAIZ!D119 -> 3.683913 | E119: =MAIZ!E119 -> 1.4659461 | F119: =+(C119*(D119/E119))/(AVERAGE(C$109)*AVERAGE(D$109)/AVERAGE(E$109))*100 -> 229.91698 | G119: =+E119/AVERAGE(E$2:E$13) -> 1.4659461 | H119: =+(C119*D119)/G119 -> 588.04049 | I119: =+I118 -> 0.235 | J119: =+F119*(1-I119)/(F$109*(1-I$109))*100 -> 182.2658 | K119: =+H119*(1-I119) -> 449.85098 | L119: =+L118 -> 209.55183 | M119: =+M118 -> 324.61507
A120: 37561 | B120: N | C120: 250 | D120: =MAIZ!D120 -> 3.5647619 | E120: =MAIZ!E120 -> 1.4734577 | F120: =+(C120*(D120/E120))/(AVERAGE(C$109)*AVERAGE(D$109)/AVERAGE(E$109))*100 -> 236.48124 | G120: =+E120/AVERAGE(E$2:E$13) -> 1.4734577 | H120: =+(C120*D120)/G120 -> 604.82936 | I120: =+I119 -> 0.235 | J120: =+F120*(1-I120)/(F$109*(1-I$109))*100 -> 187.46958 | K120: =+H120*(1-I120) -> 462.69446 | L120: =+L119 -> 209.55183 | M120: =+M119 -> 324.61507
A121: 37591 | B121: D-02 | C121: 254 | D121: =MAIZ!D121 -> 3.5261905 | E121: =MAIZ!E121 -> 1.4762477 | F121: =+(C121*(D121/E121))/(AVERAGE(C$109)*AVERAGE(D$109)/AVERAGE(E$109))*100 -> 237.21605 | G121: =+E121/AVERAGE(E$2:E$13) -> 1.4762477 | H121: =+(C121*D121)/G121 -> 606.70873 | I121: =+I120 -> 0.235 | J121: =+F121*(1-I121)/(F$109*(1-I$109))*100 -> 188.0521 | K121: =+H121*(1-I121) -> 464.13218 | L121: =+L120 -> 209.55183 | M121: =+M120 -> 324.61507
A122: 37622 | B122: E-03 | C122: 253 | D122: =MAIZ!D122 -> 3.2840909 | E122: =MAIZ!E122 -> 1.4956706 | F122: =+(C122*(D122/E122))/(AVERAGE(C$109)*AVERAGE(D$109)/AVERAGE(E$109))*100 -> 217.20187 | G122: =+E122/AVERAGE(E$2:E$13) -> 1.4956706 | H122: =+(C122*D122)/G122 -> 555.52004 | I122: =+I121 -> 0.235 | J122: =+F122*(1-I122)/(F$109*(1-I$109))*100 -> 172.18593 | K122: =+H122*(1-I122) -> 424.97283 | L122: =+L121 -> 209.55183 | M122: =+M121 -> 324.61507
A123: 37653 | B123: F | C123: 246 | D123: =MAIZ!D123 -> 3.1925 | E123: =MAIZ!E123 -> 1.504148 | F123: =+(C123*(D123/E123))/(AVERAGE(C$109)*AVERAGE(D$109)/AVERAGE(E$109))*100 -> 204.14524 | G123: =+E123/AVERAGE(E$2:E$13) -> 1.504148 | H123: =+(C123*D123)/G123 -> 522.12614 | I123: =+I122 -> 0.235 | J123: =+F123*(1-I123)/(F$109*(1-I$109))*100 -> 161.83535 | K123: =+H123*(1-I123) -> 399.4265 | L123: =+L122 -> 209.55183 | M123: =+M122 -> 324.61507
A124: 37681 | B124: M | C124: 234 | D124: =MAIZ!D124 -> 3.097619 | E124: =MAIZ!E124 -> 1.5129474 | F124: =+(C124*(D124/E124))/(AVERAGE(C$109)*AVERAGE(D$109)/AVERAGE(E$109))*100 -> 187.31988 | G124: =+E124/AVERAGE(E$2:E$13) -> 1.5129474 | H124: =+(C124*D124)/G124 -> 479.09325 | I124: =+I123 -> 0.235 | J124: =+F124*(1-I124)/(F$109*(1-I$109))*100 -> 148.49711 | K124: =+H124*(1-I124) -> 366.50633 | L124: =+L123 -> 209.55183 | M124: =+M123 -> 324.61507
A125: 37712 | B125: A | C125: 230 | D125: =MAIZ!D125 -> 2.9180952 | E125: =MAIZ!E125 -> 1.5138058 | F125: =+(C125*(D125/E125))/(AVERAGE(C$109)*AVERAGE(D$109)/AVERAGE(E$109))*100 -> 173.34884 | G125: =+E125/AVERAGE(E$2:E$13) -> 1.5138058 | H125: =+(C125*D125)/G125 -> 443.36063 | I125: =+I124 -> 0.235 | J125: =+F125*(1-I125)/(F$109*(1-I$109))*100 -> 137.42162 | K125: =+H125*(1-I125) -> 339.17088 | L125: =+L124 -> 209.55183 | M125: =+M124 -> 324.61507
... A179: 39356 | B179: O | C179: 430 | D179: =MAIZ!D179 -> 3.1804348 | E179: =MAIZ!E179 -> 2.2659172 | F179: =+(C179*(D179/E179))/(AVERAGE(C$109)*AVERAGE(D$109)/AVERAGE(E$109))*100 -> 235.97975 | G179: =+E179/AVERAGE(E$2:E$13) -> 2.2659172 | H179: =+(C179*D179)/G179 -> 603.54676 | I179: =+I178 -> 0.235 | J179: =+F179*(1-I179)/(F$109*(1-I$109))*100 -> 187.07203 | K179: =+H179*(1-I179) -> 461.71327 | L179: =+L178 -> 209.55183 | M179: =+M178 -> 324.61507
A180: 39387 | B180: N | C180: 430 | D180: =MAIZ!D180 -> 3.1514773 | E180: =MAIZ!E180 -> 2.3177439 | F180: =+(C180*(D180/E180))/(AVERAGE(C$109)*AVERAGE(D$109)/AVERAGE(E$109))*100 -> 228.60252 | G180: =+E180/AVERAGE(E$2:E$13) -> 2.3177439 | H180: =+(C180*D180)/G180 -> 584.67858 | I180: 0.32 | J180: =+F180*(1-I180)/(F$109*(1-I$109))*100 -> 161.08778 | K180: =+H180*(1-I180) -> 397.58144 | L180: =+L179 -> 209.55183 | M180: =+M179 -> 324.61507
A181: 39417 | B181: D-07 | C181: 477 | D181: =MAIZ!D181 -> 3.1575 | E181: =MAIZ!E181 -> 2.3923771 | F181: =+(C181*(D181/E181))/(AVERAGE(C$109)*AVERAGE(D$109)/AVERAGE(E$109))*100 -> 246.14778 | G181: =+E181/AVERAGE(E$2:E$13) -> 2.3923771 | H181: =+(C181*D181)/G181 -> 629.55271 | I181: =+I180 -> 0.32 | J181: =+F181*(1-I181)/(F$109*(1-I$109))*100 -> 173.45129 | K181: =+H181*(1-I181) -> 428.09584 | L181: =+L180 -> 209.55183 | M181: =+M180 -> 324.61507
A182: 39448 | B182: E-08 | C182: 514 | D182: =MAIZ!D182 -> 3.1640476 | E182: =MAIZ!E182 -> 2.4469229 | F182: =+(C182*(D182/E182))/(AVERAGE(C$109)*AVERAGE(D$109)/AVERAGE(E$109))*100 -> 259.86612 | G182: =+E182/AVERAGE(E$2:E$13) -> 2.4469229 | H182: =+(C182*D182)/G182 -> 664.63904 | I182: =+I181 -> 0.32 | J182: =+F182*(1-I182)/(F$109*(1-I$109))*100 -> 183.1181 | K182: =+H182*(1-I182) -> 451.95455 | L182: =+L181 -> 209.55183 | M182: =+M181 -> 324.61507
A183: 39479 | B183: F | C183: 569 | D183: =MAIZ!D183 -> 3.1728571 | E183: =MAIZ!E183 -> 2.4730875 | F183: =+(C183*(D183/E183))/(AVERAGE(C$109)*AVERAGE(D$109)/AVERAGE(E$109))*100 -> 285.42178 | G183: =+E183/AVERAGE(E$2:E$13) -> 2.4730875 | H183: =+(C183*D183)/G183 -> 730.00073 | I183: =+I182 -> 0.32 | J183: =+F183*(1-I183)/(F$109*(1-I$109))*100 -> 201.12623 | K183: =+H183*(1-I183) -> 496.4005 | L183: =+L182 -> 209.55183 | M183: =+M182 -> 324.61507
A184: 39508 | B184: M | C184: 591 | D184: =MAIZ!D184 -> 3.1726667 | E184: =MAIZ!E184 -> 2.5477943 | F184: =+(C184*(D184/E184))/(AVERAGE(C$109)*AVERAGE(D$109)/AVERAGE(E$109))*100 -> 287.74738 | G184: =+E184/AVERAGE(E$2:E$13) -> 2.5477943 | H184: =+(C184*D184)/G184 -> 735.94873 | I184: =+I183 -> 0.32 | J184: =+F184*(1-I184)/(F$109*(1-I$109))*100 -> 202.76499 | K184: =+H184*(1-I184) -> 500.44513 | L184: =+L183 -> 209.55183 | M184: =+M183 -> 324.61507
A185: 39539 | B185: A | C185: 600 | D185: =MAIZ!D185 -> 3.1868182 | E185: =MAIZ!E185 -> 2.6050694 | F185: =+(C185*(D185/E185))/(AVERAGE(C$109)*AVERAGE(D$109)/AVERAGE(E$109))*100 -> 286.98094 | G185: =+E185/AVERAGE(E$2:E$13) -> 2.6050694 | H185: =+(C185*D185)/G185 -> 733.98846 | I185: =+I184 -> 0.32 | J185: =+F185*(1-I185)/(F$109*(1-I$109))*100 -> 202.22491 | K185: =+H185*(1-I185) -> 499.11215 | L185: =+L184 -> 209.55183 | M185: =+M184 -> 324.61507
A186: 39569 | B186: M | C186: 600 | D186: =MAIZ!D186 -> 3.183 | E186: =MAIZ!E186 -> 2.661464 | F186: =+(C186*(D186/E186))/(AVERAGE(C$109)*AVERAGE(D$109)/AVERAGE(E$109))*100 -> 280.56346 | G186: =+E186/AVERAGE(E$2:E$13) -> 2.661464 | H186: =+(C186*D186)/G186 -> 717.57498 | I186: =+I185 -> 0.32 | J186: =+F186*(1-I186)/(F$109*(1-I$109))*100 -> 197.70275 | K186: =+H186*(1-I186) -> 487.95099 | L186: =+L185 -> 209.55183 | M186: =+M185 -> 324.61507
A187: 39600 | B187: J | C187: 600 | D187: =MAIZ!D187 -> 3.0738095 | E187: =MAIZ!E187 -> 2.6904331 | F187: =+(C187*(D187/E187))/(AVERAGE(C$109)*AVERAGE(D$109)/AVERAGE(E$109))*100 -> 268.02162 | G187: =+E187/AVERAGE(E$2:E$13) -> 2.6904331 | H187: =+(C187*D187)/G187 -> 685.4977 | I187: =+I186 -> 0.32 | J187: =+F187*(1-I187)/(F$109*(1-I$109))*100 -> 188.86497 | K187: =+H187*(1-I187) -> 466.13844 | L187: =+L186 -> 209.55183 | M187: =+M186 -> 324.61507
A188: 39630 | B188: J | C188: 600 | D188: =MAIZ!D188 -> 3.0465217 | E188: =MAIZ!E188 -> 2.7219237 | F188: =+(C188*(D188/E188))/(AVERAGE(C$109)*AVERAGE(D$109)/AVERAGE(E$109))*100 -> 262.56897 | G188: =+E188/AVERAGE(E$2:E$13) -> 2.7219237 | H188: =+(C188*D188)/G188 -> 671.5519 | I188: =+I187 -> 0.32 | J188: =+F188*(1-I188)/(F$109*(1-I$109))*100 -> 185.0227 | K188: =+H188*(1-I188) -> 456.65529 | L188: =+L187 -> 209.55183 | M188: =+M187 -> 324.61507
A189: 39661 | B189: A | C189: 584 | D189: =MAIZ!D189 -> 3.0538095 | E189: =MAIZ!E189 -> 2.7654872 | F189: =+(C189*(D189/E189))/(AVERAGE(C$109)*AVERAGE(D$109)/AVERAGE(E$109))*100 -> 252.14302 | G189: =+E189/AVERAGE(E$2:E$13) -> 2.7654872 | H189: =+(C189*D189)/G189 -> 644.88628 | I189: =+I188 -> 0.32 | J189: =+F189*(1-I189)/(F$109*(1-I$109))*100 -> 177.67591 | K189: =+H189*(1-I189) -> 438.52267 | L189: =+L188 -> 209.55183 | M189: =+M188 -> 324.61507
A190: 39692 | B190: S | C190: 520 | D190: =MAIZ!D190 -> 3.0990909 | E190: =MAIZ!E190 -> 2.7850999 | F190: =+(C190*(D190/E190))/(AVERAGE(C$109)*AVERAGE(D$109)/AVERAGE(E$109))*100 -> 226.23548 | G190: =+E190/AVERAGE(E$2:E$13) -> 2.7850999 | H190: =+(C190*D190)/G190 -> 578.62459 | I190: =+I189 -> 0.32 | J190: =+F190*(1-I190)/(F$109*(1-I$109))*100 -> 159.41982 | K190: =+H190*(1-I190) -> 393.46472 | L190: =+L189 -> 209.55183 | M190: =+M189 -> 324.61507
A191: 39722 | B191: O | C191: 453 | D191: =MAIZ!D191 -> 3.2601957 | E191: =MAIZ!E191 -> 2.8078338 | F191: =+(C191*(D191/E191))/(AVERAGE(C$109)*AVERAGE(D$109)/AVERAGE(E$109))*100 -> 205.65264 | G191: =+E191/AVERAGE(E$2:E$13) -> 2.8078338 | H191: =+(C191*D191)/G191 -> 525.9815 | I191: =+I190 -> 0.32 | J191: =+F191*(1-I191)/(F$109*(1-I$109))*100 -> 144.91585 | K191: =+H191*(1-I191) -> 357.66742 | L191: =+L190 -> 209.55183 | M191: =+M190 -> 324.61507
A192: 39753 | B192: N | C192: 400 | D192: =MAIZ!D192 -> 3.3425 | E192: =MAIZ!E192 -> 2.8257058 | F192: =+(C192*(D192/E192))/(AVERAGE(C$109)*AVERAGE(D$109)/AVERAGE(E$109))*100 -> 184.99853 | G192: =+E192/AVERAGE(E$2:E$13) -> 2.8257058 | H192: =+(C192*D192)/G192 -> 473.15612 | I192: =+I191 -> 0.32 | J192: =+F192*(1-I192)/(F$109*(1-I$109))*100 -> 130.36166 | K192: =+H192*(1-I192) -> 321.74616 | L192: =+L191 -> 209.55183 | M192: =+M191 -> 324.61507
... A276: 42309 | B276: N | C276: 369 | D276: =MAIZ!D276 -> 9.6595714 | E276: =MAIZ!E276 -> 13.872946 | F276: =+(C276*(D276/E276))/(AVERAGE(C$109)*AVERAGE(D$109)/AVERAGE(E$109))*100 -> 100.4568 | G276: =+E276/AVERAGE(E$2:E$13) -> 13.872946 | H276: =+(C276*D276)/G276 -> 256.93041 | I276: =+I275 -> 0.32 | J276: =+F276*(1-I276)/(F$109*(1-I$109))*100 -> 70.788211 | K276: =+H276*(1-I276) -> 174.71268 | L276: =+L275 -> 209.55183 | M276: =+M275 -> 324.61507
A277: 42339 | B277: D-15 | C277: 385 | D277: =MAIZ!D277 -> 11.468809 | E277: =MAIZ!E277 -> 14.416338 | F277: =+(C277*(D277/E277))/(AVERAGE(C$109)*AVERAGE(D$109)/AVERAGE(E$109))*100 -> 119.75342 | G277: =+E277/AVERAGE(E$2:E$13) -> 14.416338 | H277: =+(C277*D277)/G277 -> 306.28384 | I277: 0.16 | J277: =+F277*(1-I277)/(F$109*(1-I$109))*100 -> 104.24131 | K277: =+H277*(1-I277) -> 257.27843 | L277: =+L276 -> 209.55183 | M277: =+M276 -> 324.61507
A278: 42370 | B278: E-16 | C278: 385 | D278: =MAIZ!D278 -> 13.6548 | E278: =MAIZ!E278 -> 15.012796 | F278: =+(C278*(D278/E278))/(AVERAGE(C$109)*AVERAGE(D$109)/AVERAGE(E$109))*100 -> 136.91414 | G278: =+E278/AVERAGE(E$2:E$13) -> 15.012796 | H278: =+(C278*D278)/G278 -> 350.17447 | I278: 0 | J278: =+F278*(1-I278)/(F$109*(1-I$109))*100 -> 141.87994 | K278: =+H278*(1-I278) -> 350.17447 | L278: =+L277 -> 209.55183 | M278: =+M277 -> 324.61507
A279: 42401 | B279: F | C279: 380 | D279: =MAIZ!D279 -> 14.8146 | E279: =MAIZ!E279 -> 15.608723 | F279: =+(C279*(D279/E279))/(AVERAGE(C$109)*AVERAGE(D$109)/AVERAGE(E$109))*100 -> 141.01651 | G279: =+E279/AVERAGE(E$2:E$13) -> 15.608723 | H279: =+(C279*D279)/G279 -> 360.66679 | I279: 0 | J279: =+F279*(1-I279)/(F$109*(1-I$109))*100 -> 146.1311 | K279: =+H279*(1-I279) -> 360.66679 | L279: =+L278 -> 209.55183 | M279: =+M278 -> 324.61507
A280: 42430 | B280: M | C280: 381 | D280: =MAIZ!D280 -> 14.9615 | E280: =MAIZ!E280 -> 16.126644 | F280: =+(C280*(D280/E280))/(AVERAGE(C$109)*AVERAGE(D$109)/AVERAGE(E$109))*100 -> 138.20379 | G280: =+E280/AVERAGE(E$2:E$13) -> 16.126644 | H280: =+(C280*D280)/G280 -> 353.4729 | I280: 0 | J280: =+F280*(1-I280)/(F$109*(1-I$109))*100 -> 143.21636 | K280: =+H280*(1-I280) -> 353.4729 | L280: =+L279 -> 209.55183 | M280: =+M279 -> 324.61507
A281: 42461 | B281: A | C281: 380 | D281: =MAIZ!D281 -> 14.4095 | E281: =MAIZ!E281 -> 17.182119 | F281: =+(C281*(D281/E281))/(AVERAGE(C$109)*AVERAGE(D$109)/AVERAGE(E$109))*100 -> 124.60045 | G281: =+E281/AVERAGE(E$2:E$13) -> 17.182119 | H281: =+(C281*D281)/G281 -> 318.68072 | I281: 0 | J281: =+F281*(1-I281)/(F$109*(1-I$109))*100 -> 129.11964 | K281: =+H281*(1-I281) -> 318.68072 | L281: =+L280 -> 209.55183 | M281: =+M280 -> 324.61507
A282: 42491 | B282: M | C282: 380 | D282: =MAIZ!D282 -> 14.137724 | E282: =MAIZ!E282 -> 17.902634 | F282: =+(C282*(D282/E282))/(AVERAGE(C$109)*AVERAGE(D$109)/AVERAGE(E$109))*100 -> 117.33025 | G282: =+E282/AVERAGE(E$2:E$13) -> 17.902634 | H282: =+(C282*D282)/G282 -> 300.08629 | I282: 0 | J282: =+F282*(1-I282)/(F$109*(1-I$109))*100 -> 121.58575 | K282: =+H282*(1-I282) -> 300.08629 | L282: =+L281 -> 209.55183 | M282: =+M281 -> 324.61507
A283: 42522 | B283: J | C283: 380 | D283: =MAIZ!D283 -> 14.1408 | E283: =MAIZ!E283 -> 18.453286 | F283: =+(C283*(D283/E283))/(AVERAGE(C$109)*AVERAGE(D$109)/AVERAGE(E$109))*100 -> 113.85384 | G283: =+E283/AVERAGE(E$2:E$13) -> 18.453286 | H283: =+(C283*D283)/G283 -> 291.19496 | I283: 0 | J283: =+F283*(1-I283)/(F$109*(1-I$109))*100 -> 117.98325 | K283: =+H283*(1-I283) -> 291.19496 | L283: =+L282 -> 209.55183 | M283: =+M282 -> 324.61507
A284: 42552 | B284: J | C284: 380 | D284: =MAIZ!D284 -> 14.909385 | E284: =MAIZ!E284 -> 18.830984 | F284: =+(C284*(D284/E284))/(AVERAGE(C$109)*AVERAGE(D$109)/AVERAGE(E$109))*100 -> 117.63435 | G284: =+E284/AVERAGE(E$2:E$13) -> 18.830984 | H284: =+(C284*D284)/G284 -> 300.86406 | I284: 0 | J284: =+F284*(1-I284)/(F$109*(1-I$109))*100 -> 121.90088 | K284: =+H284*(1-I284) -> 300.86406 | L284: =+L283 -> 209.55183 | M284: =+M283 -> 324.61507
A285: 42583 | B285: A | C285: 380 | D285: =MAIZ!D285 -> 14.849809 | E285: =MAIZ!E285 -> 18.869025 | F285: =+(C285*(D285/E285))/(AVERAGE(C$109)*AVERAGE(D$109)/AVERAGE(E$109))*100 -> 116.92808 | G285: =+E285/AVERAGE(E$2:E$13) -> 18.869025 | H285: =+(C285*D285)/G285 -> 299.05771 | I285: 0 | J285: =+F285*(1-I285)/(F$109*(1-I$109))*100 -> 121.169 | K285: =+H285*(1-I285) -> 299.05771 | L285: =+L284 -> 209.55183 | M285: =+M284 -> 324.61507
A286: 42614 | B286: S | C286: 380 | D286: =MAIZ!D286 -> 15.100736 | E286: =MAIZ!E286 -> 19.085846 | F286: =+(C286*(D286/E286))/(AVERAGE(C$109)*AVERAGE(D$109)/AVERAGE(E$109))*100 -> 117.55311 | G286: =+E286/AVERAGE(E$2:E$13) -> 19.085846 | H286: =+(C286*D286)/G286 -> 300.6563 | I286: 0 | J286: =+F286*(1-I286)/(F$109*(1-I$109))*100 -> 121.8167 | K286: =+H286*(1-I286) -> 300.6563 | L286: =+L285 -> 209.55183 | M286: =+M285 -> 324.61507
A287: 42644 | B287: O | C287: 380 | D287: =MAIZ!D287 -> 15.181 | E287: =MAIZ!E287 -> 19.536155 | F287: =+(C287*(D287/E287))/(AVERAGE(C$109)*AVERAGE(D$109)/AVERAGE(E$109))*100 -> 115.45393 | G287: =+E287/AVERAGE(E$2:E$13) -> 19.536155 | H287: =+(C287*D287)/G287 -> 295.28738 | I287: 0 | J287: =+F287*(1-I287)/(F$109*(1-I$109))*100 -> 119.64137 | K287: =+H287*(1-I287) -> 295.28738 | L287: =+L286 -> 209.55183 | M287: =+M286 -> 324.61507
A288: 42675 | B288: N | C288: 380 | D288: =MAIZ!D288 -> 15.3399 | E288: =MAIZ!E288 -> 19.85234 | F288: =+(C288*(D288/E288))/(AVERAGE(C$109)*AVERAGE(D$109)/AVERAGE(E$109))*100 -> 114.80432 | G288: =+E288/AVERAGE(E$2:E$13) -> 19.85234 | H288: =+(C288*D288)/G288 -> 293.62593 | I288: 0 | J288: =+F288*(1-I288)/(F$109*(1-I$109))*100 -> 118.96821 | K288: =+H288*(1-I288) -> 293.62593 | L288: =+L287 -> 209.55183 | M288: =+M287 -> 324.61507
... A307: 43252 | B307: J | C307: 352 | D307: =MAIZ!D307 -> 26.5342 | E307: =MAIZ!E307 -> 29.079296 | F307: =+(C307*(D307/E307))/(AVERAGE(C$109)*AVERAGE(D$109)/AVERAGE(E$109))*100 -> 125.58235 | G307: =+E307/AVERAGE(E$2:E$13) -> 29.079296 | H307: =+(C307*D307)/G307 -> 321.19205 | I307: 0 | J307: =+F307*(1-I307)/(F$109*(1-I$109))*100 -> 130.13715 | K307: =+H307*(1-I307) -> 321.19205 | L307: =+L306 -> 209.55183 | M307: =+M306 -> 324.61507
A308: 43282 | B308: J | C308: =+C307 -> 352 | D308: =MAIZ!D308 -> 27.6247 | E308: =MAIZ!E308 -> 29.980754 | F308: =+(C308*(D308/E308))/(AVERAGE(C$109)*AVERAGE(D$109)/AVERAGE(E$109))*100 -> 126.81234 | G308: =+E308/AVERAGE(E$2:E$13) -> 29.980754 | H308: =+(C308*D308)/G308 -> 324.33789 | I308: 0 | J308: =+F308*(1-I308)/(F$109*(1-I$109))*100 -> 131.41175 | K308: =+H308*(1-I308) -> 324.33789 | L308: =+L307 -> 209.55183 | M308: =+M307 -> 324.61507
A309: 43313 | B309: A | C309: =+C308 -> 352 | D309: =MAIZ!D309 -> 30.1245 | E309: =MAIZ!E309 -> 31.150003 | F309: =+(C309*(D309/E309))/(AVERAGE(C$109)*AVERAGE(D$109)/AVERAGE(E$109))*100 -> 133.09699 | G309: =+E309/AVERAGE(E$2:E$13) -> 31.150003 | H309: =+(C309*D309)/G309 -> 340.41165 | I309: 0 | J309: =+F309*(1-I309)/(F$109*(1-I$109))*100 -> 137.92434 | K309: =+H309*(1-I309) -> 340.41165 | L309: =+L308 -> 209.55183 | M309: =+M308 -> 324.61507
A310: 43344 | B310: S | C310: 340 | D310: =MAIZ!D310 -> 38.59 | E310: =MAIZ!E310 -> 33.174753 | F310: =+(C310*(D310/E310))/(AVERAGE(C$109)*AVERAGE(D$109)/AVERAGE(E$109))*100 -> 154.63572 | G310: =+E310/AVERAGE(E$2:E$13) -> 33.174753 | H310: =+(C310*D310)/G310 -> 395.49955 | I310: =4/D310 -> 0.1036538 | J310: =+F310*(1-I310)/(F$109*(1-I$109))*100 -> 143.63434 | K310: =+H310*(1-I310) -> 354.50452 | L310: =+L309 -> 209.55183 | M310: =+M309 -> 324.61507
A311: 43374 | B311: O | C311: 305 | D311: =MAIZ!D311 -> 37.1202 | E311: =MAIZ!E311 -> 34.96619 | F311: =+(C311*(D311/E311))/(AVERAGE(C$109)*AVERAGE(D$109)/AVERAGE(E$109))*100 -> 126.59765 | G311: =+E311/AVERAGE(E$2:E$13) -> 34.96619 | H311: =+(C311*D311)/G311 -> 323.78881 | I311: =4/D311 -> 0.10775804 | J311: =+F311*(1-I311)/(F$109*(1-I$109))*100 -> 117.05258 | K311: =+H311*(1-I311) -> 288.89796 | L311: =+L310 -> 209.55183 | M311: =+M310 -> 324.61507
A312: 43405 | B312: N | C312: 300 | D312: =MAIZ!D312 -> 36.459 | E312: =MAIZ!E312 -> 36.085108 | F312: =+(C312*(D312/E312))/(AVERAGE(C$109)*AVERAGE(D$109)/AVERAGE(E$109))*100 -> 118.51186 | G312: =+E312/AVERAGE(E$2:E$13) -> 36.085108 | H312: =+(C312*D312)/G312 -> 303.10842 | I312: =4/D312 -> 0.10971228 | J312: =+F312*(1-I312)/(F$109*(1-I$109))*100 -> 109.33643 | K312: =+H312*(1-I312) -> 269.8537 | L312: =+L311 -> 209.55183 | M312: =+M311 -> 324.61507
A313: 43435 | B313: D-18 | C313: 300 | D313: =MAIZ!D313 -> 37.8852 | E313: =MAIZ!E313 -> 37.023321 | F313: =+(C313*(D313/E313))/(AVERAGE(C$109)*AVERAGE(D$109)/AVERAGE(E$109))*100 -> 120.02709 | G313: =+E313/AVERAGE(E$2:E$13) -> 37.023321 | H313: =+(C313*D313)/G313 -> 306.98381 | I313: =4/D313 -> 0.10558213 | J313: =+F313*(1-I313)/(F$109*(1-I$109))*100 -> 111.24806 | K313: =+H313*(1-I313) -> 274.5718 | L313: =+L312 -> 209.55183 | M313: =+M312 -> 324.61507
A314: 43466 | B314: E-19 | C314: 300 | D314: =MAIZ!D314 -> 37.4069 | E314: =MAIZ!E314 -> 38.096997 | F314: =+(C314*(D314/E314))/(AVERAGE(C$109)*AVERAGE(D$109)/AVERAGE(E$109))*100 -> 115.17177 | G314: =+E314/AVERAGE(E$2:E$13) -> 38.096997 | H314: =+(C314*D314)/G314 -> 294.56574 | I314: =4/D314 -> 0.10693214 | J314: =+F314*(1-I314)/(F$109*(1-I$109))*100 -> 106.58674 | K314: =+H314*(1-I314) -> 263.06719 | L314: =+L313 -> 209.55183 | M314: =+M313 -> 324.61507
A315: 43497 | B315: F | C315: 307 | D315: =MAIZ!D315 -> 38.4086 | E315: =MAIZ!E315 -> 39.544683 | F315: =+(C315*(D315/E315))/(AVERAGE(C$109)*AVERAGE(D$109)/AVERAGE(E$109))*100 -> 116.58497 | G315: =+E315/AVERAGE(E$2:E$13) -> 39.544683 | H315: =+(C315*D315)/G315 -> 298.18017 | I315: =4/D315 -> 0.10414334 | J315: =+F315*(1-I315)/(F$109*(1-I$109))*100 -> 108.23153 | K315: =+H315*(1-I315) -> 267.12669 | L315: =+L314 -> 209.55183 | M315: =+M314 -> 324.61507
A316: 43525 | B316: M | C316: 332 | D316: =MAIZ!D316 -> 41.3624 | E316: =MAIZ!E316 -> 41.403283 | F316: =+(C316*(D316/E316))/(AVERAGE(C$109)*AVERAGE(D$109)/AVERAGE(E$109))*100 -> 129.67996 | G316: =+E316/AVERAGE(E$2:E$13) -> 41.403283 | H316: =+(C316*D316)/G316 -> 331.67217 | I316: =4/D316 -> 0.096706187 | J316: =+F316*(1-I316)/(F$109*(1-I$109))*100 -> 121.38767 | K316: =+H316*(1-I316) -> 299.59742 | L316: =+L315 -> 209.55183 | M316: =+M315 -> 324.61507
A317: 43556 | B317: A | C317: 330 | D317: =MAIZ!D317 -> 43.2338 | E317: =MAIZ!E317 -> 42.810995 | F317: =+(C317*(D317/E317))/(AVERAGE(C$109)*AVERAGE(D$109)/AVERAGE(E$109))*100 -> 130.30043 | G317: =+E317/AVERAGE(E$2:E$13) -> 42.810995 | H317: =+(C317*D317)/G317 -> 333.25911 | I317: =4/D317 -> 0.092520204 | J317: =+F317*(1-I317)/(F$109*(1-I$109))*100 -> 122.53369 | K317: =+H317*(1-I317) -> 302.42591 | L317: =+L316 -> 209.55183 | M317: =+M316 -> 324.61507
A318: 43586 | B318: M | C318: 330 | D318: =MAIZ!D318 -> 44.9332 | E318: =MAIZ!E318 -> 44.138136 | F318: =+(C318*(D318/E318))/(AVERAGE(C$109)*AVERAGE(D$109)/AVERAGE(E$109))*100 -> 131.35032 | G318: =+E318/AVERAGE(E$2:E$13) -> 44.138136 | H318: =+(C318*D318)/G318 -> 335.94432 | I318: =4/D318 -> 0.089021036 | J318: =+F318*(1-I318)/(F$109*(1-I$109))*100 -> 123.99728 | K318: =+H318*(1-I318) -> 306.03821 | L318: =+L317 -> 209.55183 | M318: =+M317 -> 324.61507
A319: 43617 | B319: J | C319: 330 | D319: =MAIZ!D319 -> 43.7894 | E319: =MAIZ!E319 -> 45.329865 | F319: =+(C319*(D319/E319))/(AVERAGE(C$109)*AVERAGE(D$109)/AVERAGE(E$109))*100 -> 124.6414 | G319: =+E319/AVERAGE(E$2:E$13) -> 45.329865 | H319: =+(C319*D319)/G319 -> 318.78546 | I319: =4/D319 -> 0.091346308 | J319: =+F319*(1-I319)/(F$109*(1-I$109))*100 -> 117.3636 | K319: =+H319*(1-I319) -> 289.66559 | L319: =+L318 -> 209.55183 | M319: =+M318 -> 324.61507
A320: 43647 | B320: J | C320: 330 | D320: =MAIZ!D320 -> 42.5434 | E320: =MAIZ!E320 -> 46.327122 | F320: =+(C320*(D320/E320))/(AVERAGE(C$109)*AVERAGE(D$109)/AVERAGE(E$109))*100 -> 118.48807 | G320: =+E320/AVERAGE(E$2:E$13) -> 46.327122 | H320: =+(C320*D320)/G320 -> 303.04757 | I320: =4/D320 -> 0.094021634 | J320: =+F320*(1-I320)/(F$109*(1-I$109))*100 -> 111.24107 | K320: =+H320*(1-I320) -> 274.55455 | L320: =+L319 -> 209.55183 | M320: =+M319 -> 324.61507
A321: 43678 | B321: A | C321: 330 | D321: =MAIZ!D321 -> 52.7271 | E321: =MAIZ!E321 -> 48.180207 | F321: =+(C321*(D321/E321))/(AVERAGE(C$109)*AVERAGE(D$109)/AVERAGE(E$109))*100 -> 141.20269 | G321: =+E321/AVERAGE(E$2:E$13) -> 48.180207 | H321: =+(C321*D321)/G321 -> 361.14297 | I321: =4/D321 -> 0.075862317 | J321: =+F321*(1-I321)/(F$109*(1-I$109))*100 -> 135.22356 | K321: =+H321*(1-I321) -> 333.74582 | L321: =+L320 -> 209.55183 | M321: =+M320 -> 324.61507
... A324: 43770 | B324: N | C324: 330 | D324: =MAIZ!D324 -> 59.7381 | E324: =MAIZ!E324 -> 54.972977 | F324: =+(C324*(D324/E324))/(AVERAGE(C$109)*AVERAGE(D$109)/AVERAGE(E$109))*100 -> 140.2103 | G324: =+E324/AVERAGE(E$2:E$13) -> 54.972977 | H324: =+(C324*D324)/G324 -> 358.60479 | I324: =4/D324 -> 0.066958942 | J324: =+F324*(1-I324)/(F$109*(1-I$109))*100 -> 135.5668 | K324: =+H324*(1-I324) -> 334.593 | L324: =+L323 -> 209.55183 | M324: =+M323 -> 324.61507
A325: 43800 | B325: D-19 | C325: 330 | D325: =MAIZ!D325 -> 59.8832 | E325: =MAIZ!E325 -> 57.006977 | F325: =+(C325*(D325/E325))/(AVERAGE(C$109)*AVERAGE(D$109)/AVERAGE(E$109))*100 -> 135.53603 | G325: =+E325/AVERAGE(E$2:E$13) -> 57.006977 | H325: =+(C325*D325)/G325 -> 346.64978 | I325: 0.12 | J325: =+F325*(1-I325)/(F$109*(1-I$109))*100 -> 123.59762 | K325: =+H325*(1-I325) -> 305.05181 | L325: =+L324 -> 209.55183 | M325: =+M324 -> 324.61507
A326: 43831 | B326: E-20 | C326: 330 | D326: =MAIZ!D326 -> 60.011 | E326: =MAIZ!E326 -> 58.318137 | F326: =+(C326*(D326/E326))/(AVERAGE(C$109)*AVERAGE(D$109)/AVERAGE(E$109))*100 -> 132.77154 | G326: =+E326/AVERAGE(E$2:E$13) -> 58.318137 | H326: =+(C326*D326)/G326 -> 339.57926 | I326: 0.12 | J326: =+F326*(1-I326)/(F$109*(1-I$109))*100 -> 121.07663 | K326: =+H326*(1-I326) -> 298.82975 | L326: =+L325 -> 209.55183 | M326: =+M325 -> 324.61507
A327: 43862 | B327: F | C327: 330 | D327: =MAIZ!D327 -> 61.3484 | E327: =MAIZ!E327 -> 59.4845 | F327: =+(C327*(D327/E327))/(AVERAGE(C$109)*AVERAGE(D$109)/AVERAGE(E$109))*100 -> 133.06909 | G327: =+E327/AVERAGE(E$2:E$13) -> 59.4845 | H327: =+(C327*D327)/G327 -> 340.34029 | I327: 0.12 | J327: =+F327*(1-I327)/(F$109*(1-I$109))*100 -> 121.34798 | K327: =+H327*(1-I327) -> 299.49946 | L327: =+L326 -> 209.55183 | M327: =+M326 -> 324.61507
A328: 43891 | B328: M | C328: 330 | D328: =MAIZ!D328 -> 63.1227 | E328: =MAIZ!E328 -> 61.447488 | F328: =+(C328*(D328/E328))/(AVERAGE(C$109)*AVERAGE(D$109)/AVERAGE(E$109))*100 -> 132.54373 | G328: =+E328/AVERAGE(E$2:E$13) -> 61.447488 | H328: =+(C328*D328)/G328 -> 338.99662 | I328: 0.12 | J328: =+F328*(1-I328)/(F$109*(1-I$109))*100 -> 120.8689 | K328: =+H328*(1-I328) -> 298.31703 | L328: =+L327 -> 209.55183 | M328: =+M327 -> 324.61507
A329: 43922 | B329: A | C329: 330 | D329: =MAIZ!D329 -> 65.762 | E329: =MAIZ!E329 -> 62.369201 | F329: =+(C329*(D329/E329))/(AVERAGE(C$109)*AVERAGE(D$109)/AVERAGE(E$109))*100 -> 136.045 | G329: =+E329/AVERAGE(E$2:E$13) -> 62.369201 | H329: =+(C329*D329)/G329 -> 347.95155 | I329: 0.07 | J329: =+F329*(1-I329)/(F$109*(1-I$109))*100 -> 131.11073 | K329: =+H329*(1-I329) -> 323.59494 | L329: =+L328 -> 209.55183 | M329: =+M328 -> 324.61507
A330: 43952 | B330: M | C330: 335 | D330: =MAIZ!D330 -> 67.7255 | E330: =MAIZ!E330 -> 63.304739 | F330: =+(C330*(D330/E330))/(AVERAGE(C$109)*AVERAGE(D$109)/AVERAGE(E$109))*100 -> 140.1279 | G330: =+E330/AVERAGE(E$2:E$13) -> 63.304739 | H330: =+(C330*D330)/G330 -> 358.39406 | I330: 0.07 | J330: =+F330*(1-I330)/(F$109*(1-I$109))*100 -> 135.04555 | K330: =+H330*(1-I330) -> 333.30648 | L330: =+L329 -> 209.55183 | M330: =+M329 -> 324.61507
A331: 43983 | B331: J | C331: 360 | D331: =MAIZ!D331 -> 69.5407 | E331: =MAIZ!E331 -> 64.697443 | F331: =+(C331*(D331/E331))/(AVERAGE(C$109)*AVERAGE(D$109)/AVERAGE(E$109))*100 -> 151.2928 | G331: =+E331/AVERAGE(E$2:E$13) -> 64.697443 | H331: =+(C331*D331)/G331 -> 386.94964 | I331: 0.07 | J331: =+F331*(1-I331)/(F$109*(1-I$109))*100 -> 145.8055 | K331: =+H331*(1-I331) -> 359.86316 | L331: =+L330 -> 209.55183 | M331: =+M330 -> 324.61507
A332: 44013 | B332: J | C332: 360 | D332: =MAIZ!D332 -> 71.4749 | E332: =MAIZ!E332 -> 65.926694 | F332: =+(C332*(D332/E332))/(AVERAGE(C$109)*AVERAGE(D$109)/AVERAGE(E$109))*100 -> 152.60142 | G332: =+E332/AVERAGE(E$2:E$13) -> 65.926694 | H332: =+(C332*D332)/G332 -> 390.29659 | I332: 0.07 | J332: =+F332*(1-I332)/(F$109*(1-I$109))*100 -> 147.06666 | K332: =+H332*(1-I332) -> 362.97583 | L332: =+L331 -> 209.55183 | M332: =+M331 -> 324.61507
A333: 44044 | B333: A | C333: 360 | D333: =MAIZ!D333 -> 73.293 | E333: =MAIZ!E333 -> 67.706715 | F333: =+(C333*(D333/E333))/(AVERAGE(C$109)*AVERAGE(D$109)/AVERAGE(E$109))*100 -> 152.36916 | G333: =+E333/AVERAGE(E$2:E$13) -> 67.706715 | H333: =+(C333*D333)/G333 -> 389.70256 | I333: 0.07 | J333: =+F333*(1-I333)/(F$109*(1-I$109))*100 -> 146.84282 | K333: =+H333*(1-I333) -> 362.42338 | L333: =+L332 -> 209.55183 | M333: =+M332 -> 324.61507
A334: 44075 | B334: S | C334: 362 | D334: =MAIZ!D334 -> 75.1986 | E334: =MAIZ!E334 -> 69.602503 | F334: =+(C334*(D334/E334))/(AVERAGE(C$109)*AVERAGE(D$109)/AVERAGE(E$109))*100 -> 152.91754 | G334: =+E334/AVERAGE(E$2:E$13) -> 69.602503 | H334: =+(C334*D334)/G334 -> 391.10509 | I334: 0.07 | J334: =+F334*(1-I334)/(F$109*(1-I$109))*100 -> 147.3713 | K334: =+H334*(1-I334) -> 363.72773 | L334: =+L333 -> 209.55183 | M334: =+M333 -> 324.61507
A335: 44105 | B335: O | C335: 391 | D335: =MAIZ!D335 -> 77.5693 | E335: =MAIZ!E335 -> 72.247398 | F335: =+(C335*(D335/E335))/(AVERAGE(C$109)*AVERAGE(D$109)/AVERAGE(E$109))*100 -> 164.13766 | G335: =+E335/AVERAGE(E$2:E$13) -> 72.247398 | H335: =+(C335*D335)/G335 -> 419.80192 | I335: 0.07 | J335: =+F335*(1-I335)/(F$109*(1-I$109))*100 -> 158.18448 | K335: =+H335*(1-I335) -> 390.41578 | L335: =+L334 -> 209.55183 | M335: =+M334 -> 324.61507
A336: 44136 | B336: N | C336: 490 | D336: =MAIZ!D336 -> 79.9332 | E336: =MAIZ!E336 -> 74.559315 | F336: =+(C336*(D336/E336))/(AVERAGE(C$109)*AVERAGE(D$109)/AVERAGE(E$109))*100 -> 205.39279 | G336: =+E336/AVERAGE(E$2:E$13) -> 74.559315 | H336: =+(C336*D336)/G336 -> 525.3169 | I336: 0.07 | J336: =+F336*(1-I336)/(F$109*(1-I$109))*100 -> 197.94331 | K336: =+H336*(1-I336) -> 488.54471 | L336: =+L335 -> 209.55183 | M336: =+M335 -> 324.61507
... A406: 46266 | B406: S | C406: 573 | D406: =MAIZ!D406 -> 1515 | E406: =MAIZ!E406 -> 2502.9562 | F406: =+(C406*(D406/E406))/(AVERAGE(C$109)*AVERAGE(D$109)/AVERAGE(E$109))*100 -> 135.60566 | G406: =+E406/AVERAGE(E$2:E$13) -> 2502.9562 | H406: =+(C406*D406)/G406 -> 346.82788 | I406: 0.045 | J406: =+F406*(1-I406)/(F$109*(1-I$109))*100 -> 134.20042 | K406: =+H406*(1-I406) -> 331.22062 | L406: =+L405 -> 209.55183 | M406: =+M405 -> 324.61507
A407: 46296 | B407: O
A408: 46327 | B408: N
A409: 46357 | B409: D-26
